date,title,price,link,category,device_type,capacity
2026-01-25,幻影狐内存条DDR4 3200 32G台式机电脑内存条4代运行16G套条DIY组装机电竞游戏内存条三星海力士镁光颗粒 16G DDR4 3200,828.0,https://item.jd.com/10170286550917.html,台式-DDR4,台式,32
2026-01-25,HLHX华硕天选1 2 3 4 5 6PRO酷睿锐龙兼容飞行堡垒4 5 6 7 8 9通用4G/8G/16G/32G笔记本内存条 【16GB】DDR5 5600mhz单根,1599.0,https://item.jd.com/10089802416826.html,笔记本-DDR5,笔记本,4
2026-01-25,联想（Lenovo）拯救者原装 16G DDR5 5600 频率 笔记本内存条 AI电脑原装 高容量 五代 拯救者 AI 三星原厂颗粒,1199.0,https://item.jd.com/100291957822.html,笔记本-DDR5,笔记本,16
2026-01-25,三星（SAMSUNG）笔记本内存条4800笔记本内存ddr5兼容华硕天选戴尔惠普宏碁华为5600五代笔记本电脑内存PC5联想 三星ddr5笔记本内存16G 4800 单,1579.0,https://item.jd.com/10122110370326.html,笔记本-DDR5,笔记本,16
2026-01-25,铠沙服务器工作站通用内存条 DDR4 DDR5 ECC RDIMM REG内存条 64G DDR5 5600 REG 服务器内存,12999.0,https://item.jd.com/10202567518763.html,服务器-DDR5,服务器,64
2026-01-25,联想（Lenovo）拯救者原装 32G（16Gx2） DDR5 5600 频率 笔记本内存条 三星成品条 AI电脑原装 高容量 五代,2299.0,https://item.jd.com/100082070160.html,笔记本-DDR5,笔记本,32
2026-01-25,适配华硕完美国度天选Air 1代 2代飞行堡垒8 9代ROG魔霸4 5笔记本内存条HLHC DDR4 3200 16G ROG魔霸5R Plus/G713,659.0,https://item.jd.com/10057787576733.html,笔记本-DDR4,笔记本,16
2026-01-25,光威 DDR5台式机RGB内存条32G/48G/64G/6000/6400/6800/7200/EXPO 龙武RGB16GX2 6000C28Adie双面黑,4890.0,https://item.jd.com/10208806613167.html,台式-DDR5,台式,32
2026-01-25,光威（Gloway）32GB(16GBx2) DDR5 6000 台式机内存条 龙武 RGB灯条 海力士A-die CL28 星空黑【部分兼容】,3899.0,https://item.jd.com/100222160298.html,台式-DDR5,台式,32
2026-01-25,幻影狐笔记本内存条 DDR4 3200 16G 办公游戏迷你主机升级扩容适用联想戴尔华硕惠普苹果三星海力士颗粒 DDR4 3200 16G【笔记本内存条】,869.0,https://item.jd.com/10205700108066.html,笔记本-DDR4,笔记本,16
2026-01-25,华硕天选笔记本内存条1 23 4 56PRO酷睿锐龙兼容飞行堡垒4 5 6 7 8 9 DDR4 32G 2666MHz单条,1989.0,https://item.jd.com/10162194891944.html,笔记本-DDR4,笔记本,32
2026-01-25,金士顿（Kingston） Beast野兽系列 4代 台式机内存条DDR4 Fury骇客神条灯条电脑运行内存条 支持XMP DDR3 1866MHz 马甲条 8GB 1条,189.0,https://item.jd.com/29959083709.html,台式-DDR4,台式,8
2026-01-25,七彩虹(Colorful) 8G DDR4 3200 笔记本内存条,459.0,https://item.jd.com/100043725318.html,笔记本-DDR4,笔记本,8
2026-01-25,博林克 DDR4台式机内存条四代台式主机升级组装电脑游戏内存条,248.0,https://item.jd.com/10058591588232.html,台式-DDR4,台式,0
2026-01-25,金士顿（Kingston） Beast野兽系列 4代 台式机内存条DDR4 Fury骇客神条灯条电脑运行内存条 支持XMP DDR3 1866MHz 马甲条 8GB 2条 *16G（8G*2）,378.0,https://item.jd.com/29959083708.html,台式-DDR4,台式,8
2026-01-25,华硕天选笔记本内存条1 23 4 56PRO酷睿锐龙兼容飞行堡垒4 5 6 7 8 9 DDR5 16G 6400MHz单条,3499.0,https://item.jd.com/10161175132581.html,笔记本-DDR5,笔记本,16
2026-01-25,佰维（BIWIN）48G(24G×2)套装 DDR5 6000频率台式机内存条 时空行者DW100 RGB灯条(C28)黑色AI PC电脑存储配件,3599.0,https://item.jd.com/100166971689.html,台式-DDR5,台式,48
2026-01-25,威刚（ADATA）DDR4 32g3200 8g3200 16g2666 16g3200 拆机台式机电脑内存条 威刚8g3200普条,470.0,https://item.jd.com/10199538710791.html,台式-DDR4,台式,32
2026-01-25,联想原装内存条 台式机电脑5代DDR5 5600 4800 4代DDR4 2666 3200 3代DDR3 1600内存扩展卡电脑加速卡 1600MHz 8GB 1条 台式机,186.0,https://item.jd.com/10206944440959.html,台式-DDR5,台式,8
2026-01-25,华硕天选笔记本内存条1 23 4 56PRO酷睿锐龙兼容飞行堡垒4 5 6 7 8 9 DDR5 32G 5600 PDIE颗粒游戏党,2799.0,https://item.jd.com/10170470672157.html,笔记本-DDR5,笔记本,32
2026-01-25,华硕天选笔记本内存条1 23 4 56PRO酷睿锐龙兼容飞行堡垒4 5 6 7 8 9 DDR5 16G 5600 PDIE颗粒游戏党,1799.0,https://item.jd.com/10170470672156.html,笔记本-DDR5,笔记本,16
2026-01-25,MGNC 镁光 DDR5 SODIMM 笔记本电脑内存条 适用 枪神7 8 9 天选 4 5 6 魔霸新锐 R9000P 32G DDR5 5600 笔记本内存,2999.0,https://item.jd.com/10086485689726.html,笔记本-DDR5,笔记本,32
2026-01-25,金士顿（Kingston） ddr4内存条 Beast野兽系列 Fury骇客神条 台式机电脑内存条 DDR4 2666 台式内存 8GB 1条,499.0,https://item.jd.com/65968778821.html,台式-DDR4,台式,8
2026-01-25,威刚（ADATA）龙耀D500G DDR5内存条16/32/64/96G RGB套装灯条台式电脑海力士A-DIE特挑颗粒低时序C26支持EXPO D500G 吹雪联名 【32G*2套条】 64GB 2,6599.0,https://item.jd.com/10095333698889.html,台式-DDR5,台式,500
2026-01-25,何佳功英睿达全新16G32GR55600mh台式机内存条双通道64G 4800M 4800M 8GB 8条 镁光micron8GB,825.0,https://item.jd.com/10207454529606.html,台式-其他,台式,16
2026-01-25,华硕天选系列 16G/32G内存条  1TB/512GB/500GB固态硬盘-笔记本电脑升级专用（适用于天选4、5、6Pro） 加32GB内存 内存频率5600MHz,1450.0,https://item.jd.com/10145005627451.html,笔记本-其他,笔记本,16
2026-01-25,金士顿（Kingston） Beast野兽系列 4代 台式机内存条DDR4 Fury骇客神条灯条电脑运行内存条 支持XMP DDR4 3200MHz 马甲条 8GB 1条,649.0,https://item.jd.com/37220764976.html,台式-DDR4,台式,8
2026-01-25,光威（Gloway）32GB(16GBx2) DDR5 6400 台式机内存条 神武 RGB灯条 海力士A-die CL30 太空灰,3899.0,https://item.jd.com/100129425265.html,台式-DDR5,台式,32
2026-01-25,阿斯加特（Asgard）64GB(32GBx2) DDR5 6000 台式机内存条 女武神·瓦尔基里II代 RGB灯条 镁光颗粒 CL40 极地白,5099.0,https://item.jd.com/100214269607.html,台式-DDR5,台式,64
2026-01-25,博林克 DDR4台式机内存条四代台式主机升级组装电脑游戏内存条,258.0,https://item.jd.com/10058591588235.html,台式-DDR4,台式,0
2026-01-25,联想（Lenovo）通用系列DDR5/DDR4内存条  16G/32G 4800MHz可选 笔记本内存条适用联想戴尔惠普华硕等笔记本 YH33 笔记本 16GB DDR5 5600MHz,2099.0,https://item.jd.com/10202356876299.html,笔记本-DDR5,笔记本,16
2026-01-25,金士顿（Kingston） Beast野兽系列 4代 台式机内存条DDR4 Fury骇客神条灯条电脑运行内存条 支持XMP DDR4 2400MHz 马甲条 16GB 2条 *32G（16G*2）,1598.0,https://item.jd.com/10181702561288.html,台式-DDR4,台式,16
2026-01-25,镁光原装Micron4GB 1RX16 PC4-2400T 4G DDR4 2400台式机电脑内存条,313.6,https://item.jd.com/10179678783065.html,台式-DDR4,台式,4
2026-01-25,三星（SAMSUNG）三星 DDR4 8G/16G/32G 2133/2400/2666/2933/3200 台式机内存条 三星DDR4 3200台式机内存条 8GB 1条,569.0,https://item.jd.com/10206770320262.html,台式-DDR4,台式,8
2026-01-25,三星（SAMSUNG）DDR5 4800 5600 6400 笔记本内存条 适配华硕天选5/6 ROG枪神8/9 魔霸 联想拯救者 戴尔外星人 DDR5 5600MHz 笔记本内存条 16GB 1条 ,1599.0,https://item.jd.com/10079670720713.html,笔记本-DDR5,笔记本,16
2026-01-25,联想（Lenovo） 原装笔记本内存条 DDR4四代电脑内存扩展卡 16G DDR4-2400MHZ 拯救者15/拯救者R720,819.0,https://item.jd.com/18437363169.html,笔记本-DDR4,笔记本,16
2026-01-25,佰维（BIWIN）48G(24G×2)套装 DDR5 6000频率台式机内存条 时空行者DW100 RGB灯条(C28)白色AI PC电脑存储配件,3599.0,https://item.jd.com/100214798098.html,台式-DDR5,台式,48
2026-01-25,金士顿（Kingston）FURY 16GB(8G×2)套装 DDR5 6000 台式机内存条 Beast 超级野兽 海力士A-die CL30 支持XMP&EXPO,1999.0,https://item.jd.com/100283822204.html,台式-DDR5,台式,16
2026-01-25,英睿达（crucial）32GB（16GB×2）套装 DDR5 4800频率 笔记本内存条 美光（原镁光）原厂颗粒 AI电脑配件,3399.0,https://item.jd.com/100039287116.html,笔记本-DDR5,笔记本,32
2026-01-25,SK 海力士官方旗舰店 DDR5 4800 5600 6400 笔记本内存条  官方直营  海力士 32GB DDR5 5600MHZ*2条【同批次套装】,5998.0,https://item.jd.com/10200513143471.html,笔记本-DDR5,笔记本,32
2026-01-25,联想三星海力士镁光英睿达联想华硕金士顿威刚金百达DDR5笔记本拆机内存8G/16G/32G单条 DDR5 5600频率 12GB,618.0,https://item.jd.com/10205184798491.html,笔记本-DDR5,笔记本,8
2026-01-25,三星原装DDR4 4G 8G 16G 2133 2400 2666四代笔记本内存条兼3200 3200/3333MHz 8GB 1条,338.0,https://item.jd.com/10163370691330.html,笔记本-DDR4,笔记本,4
2026-01-25,联想（Lenovo）拯救者原装 32G DDR5 5600 频率 笔记本内存条 三星成品条 AI电脑原装 高容量 五代,2299.0,https://item.jd.com/100117961237.html,笔记本-DDR5,笔记本,32
2026-01-25,海力士 8G DDR3 1600 台式机内存条,159.0,https://item.jd.com/72481894370.html,台式-其他,台式,8
2026-01-25,金士顿（Kingston）内存条DDR4台式机电脑3200内存条 Beast野兽系列 骇客神条 台式D4 3200频16G 野兽 电竞马甲条,1189.0,https://item.jd.com/71233797321.html,台式-DDR4,台式,16
2026-01-25,金士顿（Kingston）FURY 笔记本内存条DDR4 3200兼容2666 4代 3200频 16G 风暴 电竞款,1189.0,https://item.jd.com/10020609235580.html,笔记本-DDR4,笔记本,16
2026-01-25,JUHOR玖合 16G(8GX2) 32GB(16Gx2)套装  3200 3600 台式机DDR4内存条 星舞/忆界RGB系列 灯条 星舞 8G*2 4000【海力士CJR】,1089.0,https://item.jd.com/10179224618133.html,台式-DDR4,台式,16
2026-01-25,联想（Lenovo） 原装笔记本内存条 DDR4四代电脑内存扩展卡 8G DDR4--2400MHZ 拯救者15/拯救者R720,419.0,https://item.jd.com/18437363168.html,笔记本-DDR4,笔记本,8
2026-01-25,金士顿(Kingston) 内存条DDR3L 1600兼容1333 笔记本内存低电压1.35V 笔记本【D3 1600频】8G严选颗粒 经典普条,389.0,https://item.jd.com/10094974624605.html,笔记本-其他,笔记本,8
2026-01-25,三星（SAMSUNG）DDR5 4800 5600 6400 笔记本内存条 适配华硕天选5/6 ROG枪神8/9 魔霸 联想拯救者 戴尔外星人 DDR5 4800MHz 笔记本内存条 16GB 1条 ,1499.0,https://item.jd.com/10079670648507.html,笔记本-DDR5,笔记本,16
2026-01-25,三星（SAMSUNG）DDR5 4800 5600 6400 笔记本内存条 适配华硕天选5/6 ROG枪神8/9 魔霸 联想拯救者 戴尔外星人 DDR5 4800MHz 笔记本内存条 16GB 2条 ,2995.0,https://item.jd.com/10079670648508.html,笔记本-DDR5,笔记本,16
2026-01-25,SK 海力士官方旗舰店 DDR5 4800 5600 6400 笔记本内存条  官方直营  海力士 48GB DDR5 6400MHZ*2条【同批次套装】,9998.0,https://item.jd.com/10200513143481.html,笔记本-DDR5,笔记本,48
2026-01-25,联想（lenovo）拯救者笔记内存条 DDR5 5600 Y9000系列笔记本电脑扩展卡 适用华硕戴尔宏基惠普神州 拯救者Y7000P 2023/2024 16GB 1条,1199.0,https://item.jd.com/10116069552606.html,笔记本-DDR5,笔记本,16
2026-01-25,骇客神笔记本内存条 DDR4 2666  3200  8GB 16GB 2666MHz 16GB笔记本内存 单条,619.0,https://item.jd.com/10110478783747.html,笔记本-DDR4,笔记本,8
2026-01-25,联想三星海力士镁光英睿达联想华硕金士顿威刚金百达DDR5笔记本拆机内存8G/16G/32G单条 DDR5 5600频率 16GB,1018.0,https://item.jd.com/10205184798493.html,笔记本-DDR5,笔记本,8
2026-01-25,铨兴（QUANXING）DDR4 3200MHz 台式机内存条8G 32G 16G超频 高速稳定兼容 游戏办公电脑内存 XMP超频马甲条H3200 台式机8G DDR4 3200MHz,525.0,https://item.jd.com/10203316808036.html,台式-DDR4,台式,8
2026-01-25,金士顿（Kingston） KVR笔记本内存条DDR4 2400/2666/3200 4G/8G/16G 兼容2133【普条】4代电脑内存 DDR4 2666 8G笔记本内存,599.0,https://item.jd.com/44736312507.html,笔记本-DDR4,笔记本,4
2026-01-25,联想三星海力士镁光英睿达联想华硕金士顿威刚金百达DDR5笔记本拆机内存8G/16G/32G单条 DDR5 4800频率 12GB,588.0,https://item.jd.com/10205184798490.html,笔记本-DDR5,笔记本,8
2026-01-25,七彩虹C28天蝎座DDR5台式机电脑内存条16/32G 6000 6800双通道内存C38兼容电竞游戏办公散热马甲条C30 C38白羊座 6800Mhz 16G  三星 DDR5,2169.0,https://item.jd.com/10194037222313.html,台式-DDR5,台式,32
2026-01-25,SK 海力士官方旗舰店 DDR5  4800 5600MHZ 台式机电脑内存条 原厂正品 海力士32G DDR5 5600MHZ *【2条装】,6998.0,https://item.jd.com/10204149248852.html,台式-DDR5,台式,32
2026-01-25,华硕天选系列 16G/32G内存条  1TB/512GB/500GB固态硬盘-笔记本电脑升级专用（适用于天选4、5、6Pro） 加16GB内存 内存频率5600MHz,1000.0,https://item.jd.com/10145005627449.html,笔记本-其他,笔记本,16
2026-01-25,MGNC 镁光 DDR5 SODIMM 笔记本电脑内存条 适用 枪神7 8 9 天选 4 5 6 魔霸新锐 R9000P 16G DDR5 5600 笔记本内存,1599.0,https://item.jd.com/10086485689725.html,笔记本-DDR5,笔记本,16
2026-01-25,MGNC 镁光 DDR5 SODIMM 笔记本电脑内存条 适用 枪神7 8 9 天选 4 5 6 魔霸新锐 R9000P 16G DDR5 4800 笔记本内存,1499.0,https://item.jd.com/10046142405408.html,笔记本-DDR5,笔记本,16
2026-01-25,联想（Lenovo） 原装笔记本内存条 DDR4四代电脑内存扩展卡 8G DDR4--2400MHZ 拯救者15/拯救者R720,419.0,https://item.jd.com/18437363168.html,笔记本-DDR4,笔记本,8
2026-01-25,汉存玄麒 DDR4 32G(16GB*2) 3600 C16时效 内存条4代马甲条 16G台式机电脑办公游戏内存条 汉存 玄麒 16G 3600 C16 D4马甲条,815.0,https://item.jd.com/10203287553691.html,台式-DDR4,台式,32
2026-01-25,本尚镁光 美光Micron 原厂 DDR5 4800 5600 6400 PC5 五代笔记本电脑运行内存条 适配枪神天选联想R9000P等 笔记本内存条 DDR5 5600Mhz 16GB 1条 单条,1599.0,https://item.jd.com/10076248756641.html,笔记本-DDR5,笔记本,16
2026-01-25,华硕天选笔记本内存条1 23 4 56PRO酷睿锐龙兼容飞行堡垒4 5 6 7 8 9 DDR4 16G 2666MHz单条,859.0,https://item.jd.com/10162194891942.html,笔记本-DDR4,笔记本,16
2026-01-25,铨兴（QUANXING）DDR4 3200MHz 台式机内存条8G 32G 16G超频 高速稳定兼容 游戏办公电脑内存 XMP超频马甲条H3200 台式机8G DDR4 3200MHz,525.0,https://item.jd.com/10203316808036.html,台式-DDR4,台式,8
2026-01-25,惠普（HP）战66 ddr4 2666/3200 8/16/32G原装笔记本内存条 适用于联想惠普华硕笔记本电脑 8GB DDR4 3200Mhz,599.0,https://item.jd.com/10109778456994.html,笔记本-DDR4,笔记本,32
2026-01-25,联想三星海力士镁光英睿达联想华硕金士顿威刚金百达DDR5笔记本拆机内存8G/16G/32G单条 DDR5 5600频率 8GB,518.0,https://item.jd.com/10205184798489.html,笔记本-DDR5,笔记本,8
2026-01-25,UnilC国芯紫光 DDR4 笔记本 台式机 内存条 稳定兼容 台式机 8G 3200 长鑫颗粒,599.0,https://item.jd.com/10206766868631.html,笔记本-DDR4,笔记本,8
2026-01-25,联想原装内存条 台式机电脑5代DDR5 5600 4800 4代DDR4 2666 3200 3代DDR3 1600内存扩展卡电脑加速卡 3200MHz 16GB 1条 台式机,999.0,https://item.jd.com/10206944440972.html,台式-DDR5,台式,16
2026-01-25,华硕天选笔记本内存条1 23 4 56PRO酷睿锐龙兼容飞行堡垒4 5 6 7 8 9 DDR5 16G 4800MHz单条,1759.0,https://item.jd.com/10161175132571.html,笔记本-DDR5,笔记本,16
2026-01-25,三星（SAMSUNG）DDR5 4800 5600 6400 笔记本内存条 适配华硕天选5/6 ROG枪神8/9 魔霸 联想拯救者 戴尔外星人 DDR5 4800MHz 笔记本内存条 32GB 1条 ,2799.0,https://item.jd.com/10079670648509.html,笔记本-DDR5,笔记本,32
2026-01-25,HLHX玩家国度ROG枪神6 7 8 9Plus魔霸新锐 幻14 幻16 G513通用4G/8G/16G/32G笔记本内存条 【16GB】DDR4 3200mhz单条,899.0,https://item.jd.com/10137035121121.html,笔记本-DDR4,笔记本,16
2026-01-25,K-RICARD全新ddr3台式机全兼容运行内存条1333/1600MHz电脑配件内存条2/4/8GB×2普条主机通用代gb标压1.5V 1600MHz 8GB 1条,139.0,https://item.jd.com/10205974377976.html,台式-其他,台式,8
2026-01-25,华硕天选笔记本内存条1 23 4 56PRO酷睿锐龙兼容飞行堡垒4 5 6 7 8 9 DDR4 32G 3200MHz单条,2099.0,https://item.jd.com/10162194891945.html,笔记本-DDR4,笔记本,32
2026-01-25,联想（Lenovo） 笔记本内存条 一体机电脑内存条 适用戴尔惠普华硕神舟等 笔记本DDR4 2666MHz 8GB,379.0,https://item.jd.com/10072176177379.html,笔记本-DDR4,笔记本,8
2026-01-25,华硕天选笔记本内存条1 23 4 56PRO酷睿锐龙兼容飞行堡垒4 5 6 7 8 9 DDR5 32G 5600MHz单条,2799.0,https://item.jd.com/10161175132579.html,笔记本-DDR5,笔记本,32
2026-01-25,SK 海力士官方旗舰店 DDR5 4800 5600 6400 笔记本内存条  官方直营  海力士 8GB DDR5 4800MHZ(单条）,759.0,https://item.jd.com/10200353702034.html,笔记本-DDR5,笔记本,8
2026-01-25,宏碁掠夺者（PREDATOR）16GB(8G×2)套装 DDR4 3600频率 台式机内存条 Talos 雷霆战甲系列/马甲条（C18）,899.0,https://item.jd.com/100308655124.html,台式-DDR4,台式,16
2026-01-25,YSSOMAR香港黑龙【高频率】【低时序】【超稳定】【永久质保】DDR4 笔记本内存条 内存条 内存 电脑配件 3200MHz 32GB 1套 16Gx2,1348.0,https://item.jd.com/10177629866759.html,笔记本-DDR4,笔记本,32
2026-01-25,华硕天选笔记本内存条1 23 4 56PRO酷睿锐龙兼容飞行堡垒4 5 6 7 8 9 DDR4 16G 2400MHz单条,799.0,https://item.jd.com/10162194891941.html,笔记本-DDR4,笔记本,16
2026-01-25,联想（lenovo） 笔记本内存条DDR3 Y460 Y470 G470 Z460 Z470 4G-1066-8500S-1333-1600 S10-3/B475/B470/G405S,99.0,https://item.jd.com/11496243130.html,笔记本-其他,笔记本,470
2026-01-25,联想（Lenovo）拯救者原装 16G DDR5 5600 频率 笔记本内存条  AI电脑原装 高容量 五代 三星成品条,1299.0,https://item.jd.com/100218701389.html,笔记本-DDR5,笔记本,16
2026-01-25,华硕天选笔记本内存条1 23 4 56PRO酷睿锐龙兼容飞行堡垒4 5 6 7 8 9 DDR3 8G 1600MHz单条,289.0,https://item.jd.com/10162194891934.html,笔记本-其他,笔记本,8
2026-01-25,华硕天选笔记本内存条1 23 4 56PRO酷睿锐龙兼容飞行堡垒4 5 6 7 8 9 DDR4 16G 3200MHz单条,899.0,https://item.jd.com/10162194891943.html,笔记本-DDR4,笔记本,16
2026-01-25,联想（Lenovo） 笔记本内存条 一体机电脑内存条 适用联想戴尔惠普华硕等 笔记本DDR4 3200MHz 8GB 1条,429.0,https://item.jd.com/10357627525.html,笔记本-DDR4,笔记本,8
2026-01-25,佰维（BIWIN）48G(24G×2)套装 DDR5 6800频率台式机内存条 时空行者DW100 RGB灯条(C34)白色AI PC电脑配件,3499.0,https://item.jd.com/100301373400.html,台式-DDR5,台式,48
2026-01-25,铭瑄（MAXSUN）瑷雪DDR5 32GB (16Gx2)  内存条台式机扩容 白色马甲条散热超频高性能 6000MHz 32G【16G*2】镁光C40,2449.0,https://item.jd.com/10171906947193.html,台式-DDR5,台式,32
2026-01-25,联想（lenovo） 原装笔记本内存条 3代 4代 5代笔记本拓展内存卡 适用联想惠普华硕戴尔 笔记本8G DDR4 3200,468.0,https://item.jd.com/70201072014.html,笔记本-DDR4,笔记本,8
2026-01-25,K-RICARD全新ddr3台式机全兼容运行内存条1333/1600MHz电脑配件内存条2/4/8GB×2普条主机通用代gb标压1.5V 1600MHz 2GB 1条,49.0,https://item.jd.com/10205974377974.html,台式-其他,台式,8
2026-01-25,惠普（HP）32GB DDR4 3200频率 笔记本内存条 S1系列(C22)原厂颗粒 AI电脑配件 适配黑神话悟空,2099.0,https://item.jd.com/100187474742.html,笔记本-DDR4,笔记本,32
2026-01-25,MGNC 镁光 DDR5 SODIMM 笔记本电脑内存条 适用 枪神7 8 9 天选 4 5 6 魔霸新锐 R9000P 32G DDR5 5600 笔记本内存,2999.0,https://item.jd.com/10086485689726.html,笔记本-DDR5,笔记本,32
2026-01-25,英睿达（crucial）32GB DDR5 5600频率 笔记本内存条 美光（原镁光）原厂颗粒 AI电脑配件,3399.0,https://item.jd.com/100063903543.html,笔记本-DDR5,笔记本,32
2026-01-25,联想（Lenovo） 原装笔记本内存条 DDR4四代电脑内存扩展卡 8G DDR4--2400MHZ 拯救者15/拯救者R720,419.0,https://item.jd.com/18437363168.html,笔记本-DDR4,笔记本,8
2026-01-25,华硕天选笔记本内存条1 23 4 56PRO酷睿锐龙兼容飞行堡垒4 5 6 7 8 9 DDR4 32G 2666MHz单条,1989.0,https://item.jd.com/10162194891944.html,笔记本-DDR4,笔记本,32
2026-01-25,博林克 DDR3笔记本内存条1333/1600MHz适用联想戴尔华硕宏碁荣耀小米惠普笔记本内存条 DDR3|1600|笔记本内存条 8G,148.0,https://item.jd.com/10060635601994.html,笔记本-其他,笔记本,8
2026-01-25,英睿达（crucial）16GB DDR5 5600频率 笔记本内存条 美光（原镁光）原厂颗粒 AI电脑配件,1699.0,https://item.jd.com/100051724951.html,笔记本-DDR5,笔记本,16
2026-01-25,海力士 4G DDR3 1600 台式机内存条,79.0,https://item.jd.com/72481894368.html,台式-其他,台式,4
2026-01-25,三星（SAMSUNG）原厂 DDR5 4800 5600 6400 第五代笔记本内存条电脑运行升级 适配华硕天选惠普联想Y7000/Y9000等 DDR5 5600  笔记本内存条 16GB 1条 单,1599.0,https://item.jd.com/10045127360549.html,笔记本-DDR5,笔记本,16
2026-01-25,联想（lenovo） 原装笔记本内存条 DDR5 4800 适用华硕宏基惠普 16G DDR5 4800 拯救者Y7000P 2022,1099.0,https://item.jd.com/10056015971282.html,笔记本-DDR5,笔记本,16
2026-01-25,三星 SAMSUNG 笔记本内存条 16G DDR5 5600频率,1899.0,https://item.jd.com/100054580775.html,笔记本-DDR5,笔记本,16
2026-01-25,戴尔（DELL）服务器工作站R740/T5820/R730/T640/T7920内存 条RECC企业级 32G ECC PC4 DDR4 2666R,2399.0,https://item.jd.com/58848214906.html,服务器-DDR4,服务器,32
2026-01-25,SK HYNIX海力士 DDR5 笔记本内存条 5600 原厂Adie Mdie颗粒 16G DDR5 5600MHz 单条,1589.0,https://item.jd.com/10136174103298.html,笔记本-DDR5,笔记本,16
2026-01-25,SK HYNIX海力士 DDR5 4800 5600 6400 笔记本内存条 原厂海力士Adie Mdie颗粒 16G | DDR5 | 5600MHz | 单条,1589.0,https://item.jd.com/10093259431005.html,笔记本-DDR5,笔记本,16
2026-01-25,七彩虹（Colorful）16GB DDR5 5600 笔记本内存条,1149.0,https://item.jd.com/100086258240.html,笔记本-DDR5,笔记本,16
2026-01-25,K-RICARDDDR4台式机全兼容运行内存条2133/2400/2666/3200MHz电脑配件内存条4/8/16/32GB×2普条主机通用代 2666MHz 4GB 1条,209.0,https://item.jd.com/10204891798916.html,台式-DDR4,台式,32
2026-01-25,华硕笔记本适用内存 威刚DDR5 5600笔记本内存 万紫千红笔记本普条 DDR5 5600 16G单条,1289.0,https://item.jd.com/10091498970496.html,笔记本-DDR5,笔记本,16
2026-01-25,三星（SAMSUNG）笔记本内存条4800笔记本内存ddr5兼容华硕天选戴尔惠普宏碁华为5600五代笔记本电脑内存PC5联想 三星ddr5笔记本内存32G(16G*2) 4800,3078.0,https://item.jd.com/10167666377792.html,笔记本-DDR5,笔记本,32
2026-01-25,联想（Lenovo）通用系列DDR5/DDR4内存条  16G/32G 4800MHz可选 笔记本内存条适用联想戴尔惠普华硕等笔记本 YH33 笔记本 32GB DDR5 4800MHz,4049.0,https://item.jd.com/10202330841472.html,笔记本-DDR5,笔记本,16
2026-01-25,雷神911 G150 机械师逐空T58/T90 机械革命Z2 X3T6TI DDR4内存条HLHC Z2 Z2 Air-G Z2 Air S1 32G,1659.0,https://item.jd.com/10053887436976.html,台式-DDR4,台式,911
2026-01-25,英睿达（crucial）128GB（64GB×2）套装 DDR5 5600频率 笔记本内存条 美光（原镁光）原厂颗粒 AI电脑配件,12999.0,https://item.jd.com/100194933458.html,笔记本-DDR5,笔记本,128
2026-01-25,SK HYNIX海力士 DDR5 4800 5600 6400 笔记本内存条 原厂海力士Adie Mdie颗粒 32G(16G*2) DDR5 4800MHz套条,2995.0,https://item.jd.com/10093259431010.html,笔记本-DDR5,笔记本,32
2026-01-25,惠普 惠普 原厂原装 DDR4 PC4 SODIMM 四代笔记本电脑内存条 适用暗影精灵\/光影精灵\/战66 战99 笔记本内存 DDR4 3200 16GB 1条,739.0,https://item.jd.com/10052295218897.html,笔记本-DDR4,笔记本,16
2026-01-25,雷神911 G150 机械师逐空T58/T90 机械革命Z2 X3T6TI DDR4内存条HLHC 911PRO G150 小钢炮ST ST-PLUS 8G,449.0,https://item.jd.com/10053887436946.html,台式-DDR4,台式,911
2026-01-25,光威（Gloway）32GB(16GBx2) DDR5 6000 台式机内存条 天策 马甲条 精选颗粒 CL46 皓月白,2899.0,https://item.jd.com/100094504267.html,台式-DDR5,台式,32
2026-01-25,英睿达（crucial）24GB（12GB×2）套装 DDR5 5600频率 笔记本内存条 美光（原镁光）原厂颗粒 AI电脑配件,1799.0,https://item.jd.com/100260923390.html,笔记本-DDR5,笔记本,24
2026-01-25,金士顿 (Kingston) FURY 32GB(16G×2)套装 DDR4 3200 笔记本内存条 Impact风暴系列 骇客神条,2399.0,https://item.jd.com/100008221041.html,笔记本-DDR4,笔记本,32
2026-01-25,金百达DDR4台式机电脑内存条 银爵/黑爵/刃灯条16×2 3200 3600马甲条 白刃灯条4000 海力士颗粒C19 32GB 2条套条 【16G×2套条】,1969.0,https://item.jd.com/10163348362207.html,台式-DDR4,台式,32
2026-01-25,美光（MICRON）镁光 原厂 DDR5 5600 6400 8G 16G 32G 笔记本/一体机电脑内存条 DDR5 5600 16G 笔记本内存,1599.0,https://item.jd.com/10093973170609.html,笔记本-DDR5,笔记本,8
2026-01-25,联想DDR5 5600Mhz频率 原装笔记本内存条 拯救者Y7000/Y9000P 2024/2025款 适用戴尔华硕宏碁惠普神州 拯救者Y9000P （2023-2025款） 16GB 1条,1199.0,https://item.jd.com/10101943768650.html,笔记本-DDR5,笔记本,16
2026-01-25,联想DDR5 5600Mhz频率 原装笔记本内存条 拯救者Y7000/Y9000P 2024/2025款 适用戴尔华硕宏碁惠普神州 拯救者R7000 （2023-2025款） 16GB 1条,1199.0,https://item.jd.com/10101943768654.html,笔记本-DDR5,笔记本,16
2026-01-25,铭瑄（MAXSUN）白狐DDR4内存16G/8G3200电脑台式机电竞内存条全新马甲 16G3600 D4 白色,1332.0,https://item.jd.com/10208190793716.html,台式-DDR4,台式,16
2026-01-25,三星（SAMSUNG）DDR5 4800 5600 6400 笔记本内存条 适配华硕天选5/6 ROG枪神8/9 魔霸 联想拯救者 戴尔外星人 DDR5 5600MHz 笔记本内存条 8GB 2条 【,1598.0,https://item.jd.com/10079670720712.html,笔记本-DDR5,笔记本,8
2026-01-25,联想（Lenovo）笔记本内存条 原装DDR5 4800MHz 笔记本DDR5 4800 16G （通用款）兼容戴尔华硕惠普弘基等笔记本升级,1399.0,https://item.jd.com/10061688765917.html,笔记本-DDR5,笔记本,16
2026-01-25,SK HYNIX/海力士 DDR5 PC5 笔记本内存条 A代五代小绿条现代 准系统迷你主机一体机 NAS 双通道Adie mdie 32G(16GX2) DDR5 5600套条,3140.0,https://item.jd.com/10105612647706.html,笔记本-DDR5,笔记本,32
2026-01-25,金士顿（Kingston） Beast野兽系列 4代 台式机内存条DDR4 Fury骇客神条灯条电脑运行内存条 支持XMP DDR4 3200MHz 马甲条 8GB 1条,649.0,https://item.jd.com/37220764976.html,台式-DDR4,台式,8
2026-01-25,英睿达（crucial）DDR5 5600 频率 高容量 五代 笔记本电脑内存条 16G 5600MHz DDR5,1599.0,https://item.jd.com/10091525444143.html,笔记本-DDR5,笔记本,16
2026-01-25,MGNC 镁光 DDR5 SODIMM 笔记本电脑内存条 适用 枪神7 8 9 天选 4 5 6 魔霸新锐 R9000P 8G DDR5 4800 笔记本内存,849.0,https://item.jd.com/10046142405407.html,笔记本-DDR5,笔记本,8
2026-01-25,YSSOMAR香港黑龙【高频率】【低时序】【超稳定】【永久质保】DDR4 笔记本内存条 内存条 内存 电脑配件 2666MHz 16GB 1套 8Gx2,648.0,https://item.jd.com/10177629866754.html,笔记本-DDR4,笔记本,16
2026-01-25,雷神911 G150 机械师逐空T58/T90 机械革命Z2 X3T6TI DDR4内存条HLHC 雷神911 911M 911GT 911GTS 8G,449.0,https://item.jd.com/10053887436938.html,台式-DDR4,台式,911
2026-01-25,MGNC 镁光 DDR5 SODIMM 笔记本电脑内存条 适用 枪神7 8 9 天选 4 5 6 魔霸新锐 R9000P 8G DDR5 5600 笔记本内存,849.0,https://item.jd.com/10086485689724.html,笔记本-DDR5,笔记本,8
2026-01-25,骇科 机械革命极光Pro 极光Air  极光X 旷世16Pro 蛟龙16K DDR5五代笔记本电脑内存条 DDR5 5600MT/秒 16GB 1条,1355.0,https://item.jd.com/10092946693025.html,笔记本-DDR5,笔记本,16
2026-01-25,三星（SAMSUNG）DDR5 4800 5600 6400 笔记本内存条 适配华硕天选5/6 ROG枪神8/9 魔霸 联想拯救者 戴尔外星人 DDR5 5600MHz 笔记本内存条P-DIE 16G,1599.0,https://item.jd.com/10156732959368.html,笔记本-DDR5,笔记本,16
2026-01-25,SK 海力士官方旗舰店 DDR5 4800 5600 6400 笔记本内存条  官方直营  海力士 8GB DDR5 4800MHZ(单条）,759.0,https://item.jd.com/10200353702034.html,笔记本-DDR5,笔记本,8
2026-01-25,YSSOMAR香港黑龙【高频率】【低时序】【超稳定】【永久质保】DDR4 笔记本内存条 内存条 内存 电脑配件 3200MHz 16GB 1套 8Gx2,698.0,https://item.jd.com/10177629866758.html,笔记本-DDR4,笔记本,16
2026-01-25,依正内存适用华硕天选笔记本内存条2/3/4电脑内存条ddr4运行内存升级原厂四代2666/3200MHz频率 DDR4-3200MHz笔记本原厂专用内存条 32GB 1条,1268.0,https://item.jd.com/10209470131557.html,笔记本-DDR4,笔记本,32
2026-01-25,GEAD机械革命极光Pro 耀世 翼龙  旷世16Pro 蛟龙16K DDR5 5600 4800 五代笔记本电脑内存条 蛟龙16/16Pro/16k 16GB 1条,1429.0,https://item.jd.com/10130639482931.html,笔记本-DDR5,笔记本,16
2026-01-25,雷神911 G150 机械师逐空T58/T90 机械革命Z2 X3T6TI DDR4内存条HLHC Z2 Z2 Air-G Z2 Air S1 32G,1659.0,https://item.jd.com/10053887436976.html,台式-DDR4,台式,911
2026-01-25,SK HYNIX海力士笔记本内存条一体机电脑适用华硕宏碁小米联想戴尔微星惠普神州苹果等 8G DDR4 2666MHz笔记本,459.0,https://item.jd.com/10197100935295.html,笔记本-DDR4,笔记本,8
2026-01-25,联想（Lenovo）笔记本内存条 原装DDR5 4800MHz 笔记本DDR5 4800 16G 拯救者Y7000P 2022款,1399.0,https://item.jd.com/10061560853105.html,笔记本-DDR5,笔记本,16
2026-01-25,金百达银爵ddr5 32G/16GX2 6400MHz 64GA代 银色马甲内存条台式机内存条 全新正品 银爵32G6400【16GBX2】海力士M C32,3699.0,https://item.jd.com/10192988155868.html,台式-DDR5,台式,32
2026-01-25,海力士 4G DDR3 1600 台式机内存条,79.0,https://item.jd.com/72481894368.html,台式-其他,台式,4
2026-01-25,三星（SAMSUNG）笔记本内存条4800笔记本内存ddr5兼容华硕天选戴尔惠普宏碁华为5600五代笔记本电脑内存PC5联想 三星ddr5笔记本内存8G 5600 单,879.0,https://item.jd.com/10122110370328.html,笔记本-DDR5,笔记本,8
2026-01-25,宏碁掠夺者（PREDATOR）48G(24G×2)套装 DDR5 8400频率 台式机内存条 Hera影锋系列 RGB灯条(C40) 冰戟银 AI电脑配件,3499.0,https://item.jd.com/100231296593.html,台式-DDR5,台式,48
2026-01-25,七彩虹(Colorful) 32G DDR4 3200 笔记本内存条,1599.0,https://item.jd.com/100044966233.html,笔记本-DDR4,笔记本,32
2026-01-25,雷神911 G150 机械师逐空T58/T90 机械革命Z2 X3T6TI DDR4内存条HLHC 911PRO G150 小钢炮ST ST-PLUS 16G,739.0,https://item.jd.com/10053887436947.html,台式-DDR4,台式,911
2026-01-25,联想（Lenovo）通用系列DDR5/DDR4内存条  16G/32G 4800MHz可选 笔记本内存条适用联想戴尔惠普华硕等笔记本 YH33 笔记本 32GB DDR5 5600MHz,4099.0,https://item.jd.com/10202356876300.html,笔记本-DDR5,笔记本,16
2026-01-25,联想（Lenovo） 原装笔记本内存条 DDR4四代电脑内存扩展卡 16G DDR4-2666MHZ 拯救者Y7000 |拯救者Y7000P,819.0,https://item.jd.com/37235851751.html,笔记本-DDR4,笔记本,16
2026-01-25,金士顿 (Kingston) FURY 16GB DDR4 3200 笔记本内存条 Impact风暴系列 骇客神条,1199.0,https://item.jd.com/100015021322.html,笔记本-DDR4,笔记本,16
2026-01-25,雷神911 G150 机械师逐空T58/T90 机械革命Z2 X3T6TI DDR4内存条HLHC 911PRO G150 小钢炮ST ST-PLUS 4G,309.0,https://item.jd.com/10053887436945.html,台式-DDR4,台式,911
2026-01-25,英睿达（crucial）美光8G 16G DDR5 4800 5600笔记本电脑内存条 原厂颗粒32G 16G DDR5 5600,1659.0,https://item.jd.com/10136928700084.html,笔记本-DDR5,笔记本,8
2026-01-25,三星SAMSUNG 笔记本内存条 16G DDR5 5600频率 M425R2GA3EB0-CWM,1899.0,https://item.jd.com/100115732648.html,笔记本-DDR5,笔记本,16
2026-01-25,威刚（ADATA）XPG龙耀D500G吹雪联名DDR5台式内存条C28时序严选海力士Adie颗粒ddr5内存条灯条套装9800X3D专用 【9800X3D专用】6000 16*2吹雪C28,3839.0,https://item.jd.com/10061537664592.html,台式-DDR5,台式,500
2026-01-25,SK 海力士官方旗舰店 DDR5  4800 5600MHZ 台式机电脑内存条 原厂正品 海力士32G DDR5 5600MHZ *【2条装】,6998.0,https://item.jd.com/10204149248852.html,台式-DDR5,台式,32
2026-01-25,三星（SAMSUNG）笔记本内存条4800笔记本内存ddr5兼容华硕天选戴尔惠普宏碁华为5600五代笔记本电脑内存PC5联想 三星ddr5笔记本内存32G 5600 单,2979.0,https://item.jd.com/10122110370330.html,笔记本-DDR5,笔记本,32
2026-01-25,联想（Lenovo）笔记本内存条 原装DDR5 4800MHz 笔记本DDR5 4800 32G 拯救者Y9000P 2022款,3029.0,https://item.jd.com/10061560864316.html,笔记本-DDR5,笔记本,32
2026-01-25,英睿达（crucial）镁光 8GB 16G 32G DDR5 4800 5200 5600 频率 笔记本电脑内存条 DDR5 5200（升5600） 笔记本内存条 16GB 1条 单条,1659.0,https://item.jd.com/10099944593371.html,笔记本-DDR5,笔记本,8
2026-01-25,铨兴（QUANXING）DDR4 3200MHz 台式机内存条8G 32G 16G超频 高速稳定兼容 游戏办公电脑内存 XMP超频马甲条H3200 台式机8G DDR4 3200MHz,525.0,https://item.jd.com/10203316808036.html,台式-DDR4,台式,8
2026-01-25,GEIL 金邦 笔记本内存条 DDR4笔记本电脑内存条 第四代内存条 3200 2666 MHZ 运行内存 一体机内存条 笔记本 32G(16GX2)套条 3200,1598.0,https://item.jd.com/10112238024580.html,笔记本-DDR4,笔记本,32
2026-01-25,三星（SAMSUNG）DDR5 4800 5600 6400 笔记本内存条 适配华硕天选5/6 ROG枪神8/9 魔霸 联想拯救者 戴尔外星人 DDR5 5600MHz 笔记本内存条 8GB 1条 【,799.0,https://item.jd.com/10079670720711.html,笔记本-DDR5,笔记本,8
2026-01-25,骇科适用宏碁 掠夺者·擎Neo 战斧300 战斧16 暗影骑士系列 擎6 擎7Pro 龙16  五代笔记本电脑内存条 DDR5 4800MT/秒 16GB 1条,1285.0,https://item.jd.com/10121952783242.html,笔记本-DDR5,笔记本,16
2026-01-25,K-RICARDDDR4台式机全兼容运行内存条2133/2400/2666/3200MHz电脑配件内存条4/8/16/32GB×2普条主机通用代 2666MHz 4GB 1条,209.0,https://item.jd.com/10204891798916.html,台式-DDR4,台式,32
2026-01-25,光威（Gloway）32GB(16GBx2) DDR5 7000 台式机内存条 神武 RGB灯条  海力士A-die CL32 太空灰,3999.0,https://item.jd.com/100263958660.html,台式-DDR5,台式,32
2026-01-25,英睿达（crucial） 美光 DDR5 4800 PC5 笔记本电脑内存条 镁光颗粒 ECC纠错 16G DDR5 4800 即插即用 原生频率 优化能效,1609.0,https://item.jd.com/10054544509256.html,服务器-DDR5,服务器,16
2026-01-25,SK HYNIX海力士笔记本内存条一体机电脑适用华硕宏碁小米联想戴尔微星惠普神州苹果等 16G DDR4 2400MHz笔记本,859.0,https://item.jd.com/10197100935294.html,笔记本-DDR4,笔记本,16
2026-01-25,HLHC DELL笔记本内存拓展DDR4 2400 2666灵越 成就游匣 XPS燃7000HLHC 16G 成就15-5568/成就13-5370,719.0,https://item.jd.com/10052816899740.html,笔记本-DDR4,笔记本,16
2026-01-25,HLHX玩家国度ROG枪神6 7 8 9Plus魔霸新锐 幻14 幻16 G513通用4G/8G/16G/32G笔记本内存条 【16GB】DDR5 5600mhz单条,1599.0,https://item.jd.com/10089750874710.html,笔记本-DDR5,笔记本,16
2026-01-25,三星海力士镁光英睿达联想华硕威刚金百达金士顿DDR5 4800/5600二手拆机笔记本内存条8G/12G/16G/24G/32G 95新 DDR5 4800 8G单条,508.0,https://item.jd.com/10149488322278.html,笔记本-DDR5,笔记本,8
2026-01-25,K-RICARDDDR4笔记本全兼容运行内存条2133/2400/2666/3200MHz电脑配件4/8/16/32GB×2普条mini台式主机通用 2666MHz 16GB 1条,789.0,https://item.jd.com/10205968857860.html,笔记本-DDR4,笔记本,32
2026-01-25,联想（lenovo） 笔记本内存条DDR3 Y460 Y470 G470 Z460 Z470 2G-DDR3-8500S S10-3T/G400/G490/G410s,79.0,https://item.jd.com/11496243178.html,笔记本-其他,笔记本,470
2026-01-25,联想（Lenovo）笔记本内存条 原装DDR5 4800MHz 笔记本DDR5 4800 16G 拯救者Y9000P 2022款,1399.0,https://item.jd.com/10061560853107.html,笔记本-DDR5,笔记本,16
2026-01-25,SK HYNIX/海力士 DDR5 PC5 笔记本内存条 A代五代小绿条现代 准系统迷你主机一体机 NAS 双通道Adie mdie 32G(16GX2) DDR5 4800套条,2940.0,https://item.jd.com/10105612647705.html,笔记本-DDR5,笔记本,32
2026-01-25,华硕天选系列 16G/32G内存条  1TB/512GB/500GB固态硬盘-笔记本电脑升级专用（适用于天选4、5、6Pro） 加32GB内存 内存频率5600MHz,1450.0,https://item.jd.com/10145005627451.html,笔记本-其他,笔记本,16
2026-01-25,金士顿（Kingston） ddr4内存条 Beast野兽系列 Fury骇客神条 台式机电脑内存条 DDR4 2666 台式内存 16GB 2条 32G（16G*2）,1699.0,https://item.jd.com/71562922187.html,台式-DDR4,台式,16
2026-01-25,云彣紫光国芯 DDR5内存条 台式机电脑内存条 5代内存条 绫龙系列 马甲条 32G（16Gx2）6000 C28白 海力士Adie,2999.0,https://item.jd.com/10193544570410.html,台式-DDR5,台式,32
2026-01-25,JUHOR玖合 32GB(16GBx2)套装 DDR5 6000 台式机内存条 海力士A-die颗粒 CL28 玲珑无灯 助力AI ,3559.0,https://item.jd.com/100120685533.html,台式-DDR5,台式,32
2026-01-25,SK HYNIX海力士笔记本内存条一体机电脑适用华硕宏碁小米联想戴尔微星惠普神州苹果等 16G DDR4 2666MHz笔记本,899.0,https://item.jd.com/10197100935296.html,笔记本-DDR4,笔记本,16
2026-01-25,HLHC DELL笔记本内存拓展DDR4 2400 2666灵越 成就游匣 XPS燃7000HLHC 16G 成就15-5568/成就13-5370,719.0,https://item.jd.com/10052816899740.html,笔记本-DDR4,笔记本,16
2026-01-25,异极北极星异极  联名款 16G DDR5 6000内存，台式机内存条AMD/英特尔电脑华硕微星技嘉主板DDR5平台内存条 6000MHz 16G 白 1条 工包 16GB 1条,1499.0,https://item.jd.com/10190977515782.html,台式-DDR5,台式,16
2026-01-25,三星海力士镁光英睿达联想华硕威刚金百达金士顿DDR5 4800/5600二手拆机笔记本内存条8G/12G/16G/24G/32G 95新 DDR5 5600 12G单条,628.0,https://item.jd.com/10191403785073.html,笔记本-DDR5,笔记本,8
2026-01-25,三星（SAMSUNG）DDR5 4800 5600 6400 笔记本内存条 适配华硕天选5/6 ROG枪神8/9 魔霸 联想拯救者 戴尔外星人 DDR5 6400MHz 笔记本内存条 16GB 1条 ,1699.0,https://item.jd.com/10155260769734.html,笔记本-DDR5,笔记本,16
2026-01-25,苹果2012 13 15 16款IMac 5K 27英寸Mac mini pro一体机内存条HLHC 32(8G*4) 1866/1867双通道,1479.0,https://item.jd.com/10060215028206.html,台式-其他,台式,8
2026-01-25,【2手95新】金士顿 2GB 4GB 8G 16Gb 3代1600 1333 DDR3 4代DDR4 2400 2666内存条 金士顿DDR3-2G-1333兼容G41/H55,15.8,https://item.jd.com/10205600319438.html,台式-DDR4,台式,2
2026-01-25,联想（Lenovo）笔记本内存条 原装DDR5 4800MHz 笔记本DDR5 4800 32G 拯救者R9000P 2022款,3029.0,https://item.jd.com/10061560864319.html,笔记本-DDR5,笔记本,32
2026-01-25,三星（SAMSUNG）笔记本内存条4800笔记本内存ddr5兼容华硕天选戴尔惠普宏碁华为5600五代笔记本电脑内存PC5联想 三星ddr5笔记本内存16G 5600 单,1679.0,https://item.jd.com/10122110370329.html,笔记本-DDR5,笔记本,16
2026-01-25,适配神舟战神Z6Z7 K670 U45A1炫龙DD2 DC T3笔记本内存条8G 8G 炫龙毁灭者P6 DCProC DC2 DD,379.0,https://item.jd.com/10059380016315.html,笔记本-其他,笔记本,8
2026-01-25,HLHX华硕天选1 2 3 4 5 6PRO酷睿锐龙兼容飞行堡垒4 5 6 7 8 9通用4G/8G/16G/32G笔记本内存条 【16GB】DDR5 4800mhz单根,1499.0,https://item.jd.com/10089802416823.html,笔记本-DDR5,笔记本,4
2026-01-25,金士顿（Kingston）FURY 8GB 16GB DDR4 3200 笔记本内存条 Impact风暴系列 骇客神条 D4 2666 风暴 8GB 1条,319.0,https://item.jd.com/10155049174146.html,笔记本-DDR4,笔记本,8
2026-01-25,YSSOMAR香港黑龙【高频率】【低时序】【超稳定】【永久质保】DDR4 笔记本内存条 内存条 内存 电脑配件 3200MHz 8GB 1条,369.0,https://item.jd.com/10177629866756.html,笔记本-DDR4,笔记本,8
2026-01-25,戴尔DELL服务器工作站内存条【自营】企业级可咨询ddr5/4800/640064g实发【32GB DDR5 5600 RECC盒装】,7599.0,https://item.jd.com/100284286154.html,服务器-DDR5,服务器,640064
2026-01-25,英睿达（crucial）镁光 8GB 16G 32G DDR5 4800 5200 5600 频率 笔记本电脑内存条 DDR5 5200（升5600） 笔记本内存条 32GB 2条套条 （16G*2）,3319.0,https://item.jd.com/10099944593373.html,笔记本-DDR5,笔记本,8
2026-01-25,三星（SAMSUNG）DDR5 4800 5600 6400 笔记本内存条 适配华硕天选5/6 ROG枪神8/9 魔霸 联想拯救者 戴尔外星人 DDR5 5600MHz 笔记本内存条E-DIE 16G,1599.0,https://item.jd.com/10158226783117.html,笔记本-DDR5,笔记本,16
2026-01-25,惠普 惠普 原厂原装 DDR4 PC4 SODIMM 四代笔记本电脑内存条 适用暗影精灵\/光影精灵\/战66 战99 笔记本内存 DDR4 2666 16GB 1条,699.0,https://item.jd.com/10052295218893.html,笔记本-DDR4,笔记本,16
2026-01-25,金士顿（Kingston）内存条 DDR4  3200 2666 4代 台式机电脑内存条 DDR4 2666 8G 台式机内存,499.0,https://item.jd.com/35031209341.html,台式-DDR4,台式,8
2026-01-25,三星海力士镁光英睿达联想华硕威刚金百达金士顿DDR5 4800/5600二手拆机笔记本内存条8G/12G/16G/24G/32G 95新 DDR5 5600 16G单条,1018.0,https://item.jd.com/10149488322281.html,笔记本-DDR5,笔记本,8
2026-01-25,金士顿 (Kingston) 16GB DDR5 5600 笔记本内存条,1629.0,https://item.jd.com/100080925526.html,笔记本-DDR5,笔记本,16
2026-01-25,威刚（ADATA）XPG龙耀D50 吹雪限定联名DDR4内存条灯条套装严选原厂颗粒ddr4内存条台式主机升级专用兼容黑神话 D50 DDR4 16G*2 吹雪联名,2189.0,https://item.jd.com/10073466022733.html,台式-DDR4,台式,16
2026-01-25,联想（lenovo） 笔记本内存条DDR3 Y460 Y470 G470 Z460 Z470 2G-DDR3-8500S U550/B570E/N480/K49L,79.0,https://item.jd.com/11496243126.html,笔记本-其他,笔记本,470
2026-01-25,GEIL金邦 笔记本内存条 DDR5 笔记本电脑内存条 第五代内存条 5600 5200 4800 MHZ 运行内存 笔记本 16G DDR5-5200,1199.0,https://item.jd.com/10069581310074.html,笔记本-DDR5,笔记本,16
2026-01-25,云彣紫光国芯 DDR5内存条 台式机电脑内存条 5代内存条 绫龙系列 马甲条 48G（24Gx2）6000 C36黑 美光颗粒,3099.0,https://item.jd.com/10193544570411.html,台式-DDR5,台式,48
2026-01-25,K-RICARDDDR4笔记本全兼容运行内存条2133/2400/2666/3200MHz电脑配件4/8/16/32GB×2普条mini台式主机通用 3200MHz 16GB 1条,789.0,https://item.jd.com/10205968857864.html,笔记本-DDR4,笔记本,32
2026-01-25,Mirox镁光Micron 原厂 DDR5 4800 5200 5600 PC5五代笔记本电脑运行内存条美光 适配枪神天选联想拯救者 DDR5 | 4800 |32G,2426.0,https://item.jd.com/10150766252668.html,笔记本-DDR5,笔记本,32
2026-01-25,惠普（HP）16GB DDR4 3200频率 笔记本内存条 S1系列(C22)原厂颗粒 AI电脑配件 适配黑神话悟空,1069.0,https://item.jd.com/100148768381.html,笔记本-DDR4,笔记本,16
2026-01-25,七彩虹（Colorful）32G(16G*2)DDR4 3200 台式机内存条 马甲条 战斧系列·钛金灰 C18,1749.0,https://item.jd.com/100176751558.html,台式-DDR4,台式,32
2026-01-25,适配华硕完美国度天选Air 1代 2代飞行堡垒8 9代ROG魔霸4 5笔记本内存条HLHC DDR4 3200 8G ROG魔霸5R Plus/G713,439.0,https://item.jd.com/10057787576725.html,笔记本-DDR4,笔记本,8
2026-01-25,金士顿（Kingston） ddr4内存条 Beast野兽系列 Fury骇客神条 台式机电脑内存条 DDR4 2666 台式内存 16GB 1条,849.0,https://item.jd.com/69891777664.html,台式-DDR4,台式,16
2026-01-25,GEAD机械革命极光Pro 耀世 翼龙  旷世16Pro 蛟龙16K DDR5 5600 4800 五代笔记本电脑内存条 极光 Pro/X 16GB 1条,1429.0,https://item.jd.com/10130639482919.html,笔记本-DDR5,笔记本,16
2026-01-25,毕伟（Bigway）内存条DDR5 8G 16G 32G 4800 5600 6000MHZ台式机内存马甲条游戏超频支持EXPO/精选镁光三星颗粒 马甲条6000MHZ黑色 8GB 1条,840.0,https://item.jd.com/10109887771654.html,台式-DDR5,台式,8
2026-01-25,Thermaltake（Tt） 16GB 4400MHz DDR4 台式机内存条 白色电竞超频 Intel XMP 2.0支持 实时性能监控,1590.93,https://item.jd.com/10122713827009.html,台式-DDR4,台式,16
2026-01-25,苹果2012 13 15 16款IMac 5K 27英寸Mac mini pro一体机内存条HLHC 32G（8Gx4条）同批次DDR3 1600MHz,1399.0,https://item.jd.com/10073360740084.html,台式-其他,台式,32
2026-01-25,美商海盗船（USCORSAIR）VENGEANCE复仇者RGB SL灯条 台式机内存条DDR5 6000/6400/6800/7200 32GB(16Gx2)/64GB(32Gx2)套装 DDR5 6,7499.0,https://item.jd.com/10182638015337.html,台式-DDR5,台式,32
2026-01-25,爵势（JUESHI）8G 16G 32G DDR4 2666 3200 3600 台式机电脑内存条 兼容2400 爵势 8G 3200马甲条,359.0,https://item.jd.com/10106557716555.html,台式-DDR4,台式,8
2026-01-25,金百达银爵3200 DDR4 32GB(16Gx2) 黑爵3600国产长鑫8x2内 银爵3200长鑫C14-8GB×2,1339.0,https://item.jd.com/10200511836388.html,台式-DDR4,台式,32
2026-01-25,联想（Lenovo） 原装笔记本内存条 DDR4四代电脑内存扩展卡 16G DDR4-2400MHZ 拯救者15/拯救者R720,819.0,https://item.jd.com/18437363169.html,笔记本-DDR4,笔记本,16
2026-01-25,金百达银爵DDR4 3600频率16Gx2海力士颗粒8Gx2星刃32G白刃灯套条 银爵3600单条8G-海力士C18,391.0,https://item.jd.com/10172572025532.html,台式-DDR4,台式,16
2026-01-25,科赋（KLEVV）海力士PC 8G 16G 2666 3200 DDR4 原厂CJR超频颗粒全新正品 8G*2/3200 C22 CJR连号条,849.0,https://item.jd.com/10194852008920.html,台式-DDR4,台式,8
2026-01-25,金士顿（Kingston） 骇客神条 DDR4 PC4 FURY台式机电脑内存条 第四代 RGB灯条 XMP超频 电竞游戏 野兽 DDR4 3600 RGB灯条 8GB 2条 （总容量16GB),1099.0,https://item.jd.com/10057884850790.html,台式-DDR4,台式,8
2026-01-25,适配神舟战神Z6Z7 K670 U45A1炫龙DD2 DC T3笔记本内存条8G 4G 炎魔T1TI T2 T2Ti T3TI,269.0,https://item.jd.com/10059379955090.html,笔记本-其他,笔记本,8
2026-01-25,三星（SAMSUNG） DDR4 PC4 2400 2666 3200笔记本内存条适用惠普华硕联想宏碁戴尔神舟雷神机一体机等电脑 8G 3200笔记本内存条,499.0,https://item.jd.com/10028507099287.html,笔记本-DDR4,笔记本,8
2026-01-25,金士顿（Kingston） KVR 风暴 FURY Impact DDR4 PC4 骇客神条 第四代笔记本一体机电脑内存条升级DIY游戏电竞双通道 DDR4 3200 笔记本内存 8GB 1条 单条,639.0,https://item.jd.com/10022717279074.html,笔记本-DDR4,笔记本,8
2026-01-25,依正内存适用华硕天选笔记本内存条2/3/4电脑内存条ddr4运行内存升级原厂四代2666/3200MHz频率 DDR4-2666MHz笔记本原厂专用内存条 16GB 1条,768.0,https://item.jd.com/10167727514927.html,笔记本-DDR4,笔记本,16
2026-01-25,金士顿（Kingston） Beast野兽系列 4代 台式机内存条DDR4 Fury骇客神条灯条电脑运行内存条 支持XMP DDR4 3200MHz 马甲条 32GB 2条 *64G（32G*2）,4799.0,https://item.jd.com/10181702561285.html,台式-DDR4,台式,32
2026-01-25,YSSOMAR 香港黑龙 DDR4  白极光 台式机内存条 3200MHz（白橘） 时序cl16 8GB 1条,388.0,https://item.jd.com/10184899493855.html,台式-DDR4,台式,8
2026-01-25,依正内存适用华硕天选笔记本内存条2/3/4电脑内存条ddr4运行内存升级原厂四代2666/3200MHz频率 DDR4-3200MHz笔记本原厂专用内存条 16GB 1条,838.0,https://item.jd.com/10167695830403.html,笔记本-DDR4,笔记本,16
2026-01-25,云彣紫光国芯 DDR5内存条 台式机电脑内存条 5代内存条 绫龙系列 马甲条 48G（24Gx2）6000 C36黑 美光颗粒,3099.0,https://item.jd.com/10193544570411.html,台式-DDR5,台式,48
2026-01-25,适配苹果2017 18 19 20 21款iMac5K一体机Macmini电脑黑板内存条HLHC 8G 2400MHz一体机内存条,469.0,https://item.jd.com/10071817542652.html,台式-其他,台式,8
2026-01-25,光威 DDR5台式机RGB内存条32G/48G/64G/6000/6400/6800/7200/EXPO 龙武RGB16GX2 6000C28Adie双面黑,4890.0,https://item.jd.com/10208806613167.html,台式-DDR5,台式,32
2026-01-25,联想原装内存条 笔记本电脑一体机4代DDR4 2666 3200 5代DDR5 4800 5600内存扩展卡 台式机3代标压DDR3 1600MHz 笔记本 8GB 1条,186.0,https://item.jd.com/10206820402012.html,笔记本-DDR5,笔记本,8
2026-01-25,三星海力士镁光英睿达联想华硕威刚金百达金士顿DDR5 4800/5600二手拆机笔记本内存条8G/12G/16G/24G/32G 95新 DDR5 5600 16G单条,1018.0,https://item.jd.com/10149488322281.html,笔记本-DDR5,笔记本,8
2026-01-25,金百达DDR5台式机电脑内存条 银爵 刃16*2 6000/6400/7200马甲条RGB灯条 白刃灯条6000 16G*2 A代 C28,4129.0,https://item.jd.com/10163096224651.html,台式-DDR5,台式,16
2026-01-25,金士顿（Kingston）FURY 8GB 16GB DDR4 3200 笔记本内存条 Impact风暴系列 骇客神条 D4 2666 风暴 8GB 1条,319.0,https://item.jd.com/10155049174146.html,笔记本-DDR4,笔记本,8
2026-01-25,三星海力士镁光英睿达联想华硕威刚金百达金士顿DDR5 4800/5600二手拆机笔记本内存条8G/12G/16G/24G/32G 95新 DDR5 5600 8G单条,518.0,https://item.jd.com/10149488322279.html,笔记本-DDR5,笔记本,8
2026-01-25,三星（SAMSUNG）笔记本内存条4800笔记本内存ddr5兼容华硕天选戴尔惠普宏碁华为5600五代笔记本电脑内存PC5联想 三星ddr5笔记本内存64G(32G*2) 5600,8079.0,https://item.jd.com/10167666377796.html,笔记本-DDR5,笔记本,64
2026-01-25,SK 海力士官方旗舰店 DDR5  4800 5600MHZ 台式机电脑内存条 原厂正品 海力士32G DDR5 5600MHZ *【2条装】,6998.0,https://item.jd.com/10204149248852.html,台式-DDR5,台式,32
2026-01-25,三星（SAMSUNG） 内存条 兼容联想华硕戴尔惠普宏碁华为笔记本电脑内存 三星DDR3L 8G 1600 笔记本内存,139.0,https://item.jd.com/28315919852.html,笔记本-其他,笔记本,8
2026-01-25,毕伟笔记本内存条DDR4 4G 8G 16G 32G电脑单条2133 2400 2666 3200精选镁光三星颗粒 适配惠普联想华硕 2400MHZ 4GB 1条,176.0,https://item.jd.com/10111276895040.html,笔记本-DDR4,笔记本,4
2026-01-25,三星（SAMSUNG）笔记本内存条4800笔记本内存ddr5兼容华硕天选戴尔惠普宏碁华为5600五代笔记本电脑内存PC5联想 三星ddr5笔记本内存16G 4800 单,1579.0,https://item.jd.com/10122110370326.html,笔记本-DDR5,笔记本,16
2026-01-25,金百达DDR5台式机电脑内存条 银爵 刃16*2 6000/6400/7200马甲条RGB灯条 白刃灯条6000 16G单根 M代 C30,1849.0,https://item.jd.com/10163096224641.html,台式-DDR5,台式,16
2026-01-25,联想（lenovo）拯救者笔记内存条 DDR5 5600 Y9000系列笔记本电脑扩展卡 适用华硕戴尔宏基惠普神州 拯救者R7000P 2023/2024 16GB 1条,1199.0,https://item.jd.com/10116069552608.html,笔记本-DDR5,笔记本,16
2026-01-25,七彩虹(Colorful) 16G DDR4 3200 笔记本内存条,799.0,https://item.jd.com/100051295311.html,笔记本-DDR4,笔记本,16
2026-01-25,K-RICARDDDR4台式机全兼容运行内存条2133/2400/2666/3200MHz电脑配件内存条4/8/16/32GB×2普条主机通用代 3200MHz 8GB 1条,425.0,https://item.jd.com/10204891798921.html,台式-DDR4,台式,32
2026-01-25,金百达（KINGBANK）黑爵3600 16x2内存条ddr4 2666 8gx2游戏内存3200 16g马甲条Intel专用条 黑爵32G（16gx2）3600【Intel专条】,1879.0,https://item.jd.com/10194529746784.html,台式-DDR4,台式,8
2026-01-25,金士顿ddr3内存条4G 8G 1333 1600台式机威刚全兼容 三代内存条 威刚 8G 1600频率【原装拆机】,101.0,https://item.jd.com/10194949435193.html,台式-其他,台式,4
2026-01-25,GEIL金邦 笔记本内存条 DDR5 笔记本电脑内存条 第五代内存条 5600 5200 4800 MHZ 运行内存 笔记本 16G DDR5-5200,1199.0,https://item.jd.com/10069581310074.html,笔记本-DDR5,笔记本,16
2026-01-25,SK HYNIX海力士笔记本内存条一体机电脑适用华硕宏碁小米联想戴尔微星惠普神州苹果等 8G DDR4 2400MHz笔记本,439.0,https://item.jd.com/10197100935293.html,笔记本-DDR4,笔记本,8
2026-01-25,金百达DDR5台式机电脑内存条 银爵 刃16*2 6000/6400/7200马甲条RGB灯条 白刃灯条6000 16G*2 A代 C28,4129.0,https://item.jd.com/10163096224651.html,台式-DDR5,台式,16
2026-01-25,阿斯加特（Asgard）16GB DDR5 5600 台式机内存条 海拉 马甲条 精选颗粒 CL46 极地白,1399.0,https://item.jd.com/100310050872.html,台式-DDR5,台式,16
2026-01-25,金士顿（Kingston） IMPACT风暴4代笔记本内存条DDR4/DDR5 游戏电竞电脑内存 骇客内存兼容2133 2400运行内存5600MHZ 金士顿风暴DDR5 5600MH笔记本内存 16,1799.0,https://item.jd.com/10146448766196.html,笔记本-DDR5,笔记本,0
2026-01-25,三星（SAMSUNG）笔记本内存条4800笔记本内存ddr5兼容华硕天选戴尔惠普宏碁华为5600五代笔记本电脑内存PC5联想 三星ddr5笔记本内存16G 5600 单,1679.0,https://item.jd.com/10122110370329.html,笔记本-DDR5,笔记本,16
2026-01-25,台式机电脑内存条三代DDR3 2G 4G 8G 1333 1... 金士顿 4g1333 频率 品牌机8g1600 频率,480.0,https://item.jd.com/10192107927739.html,台式-其他,台式,2
2026-01-25,海力士笔记本内存条4G8G16G32G DDR4 DDR3/3L内存适用联想戴尔华硕宏碁惠普 DDR4 2666/2667 8G,389.0,https://item.jd.com/10026232552132.html,笔记本-DDR4,笔记本,4
2026-01-25,SKHY 海力士 DDR4 PC4 四代 SODIMM 笔记本电脑内存条 8G DDR4 2400 笔记本内存,389.0,https://item.jd.com/72476770802.html,笔记本-DDR4,笔记本,8
2026-01-25,威刚（ADATA） 雷神笔记本专用内存条911SE MT ME ST暗杀星Pro Air AIR升级,159.0,https://item.jd.com/10043848645126.html,笔记本-其他,笔记本,0
2026-01-25,金士顿（Kingston）3200台式机内存条FURY Beast野兽系列 内存条 骇客神条 DDR4 Beast野兽 DDR4 3600 16G 单条 ,1299.0,https://item.jd.com/10067292551048.html,台式-DDR4,台式,16
2026-01-25,适用机械师F117-V T58-V T90 Plus笔记本内存条DDR4 2666 3200 16GB DDR4 3200,845.0,https://item.jd.com/10085615727279.html,笔记本-DDR4,笔记本,16
2026-01-25,"宏碁（acer）掠夺者（PREDATOR）冰刃系列 DDR5 6000 C28  6800 C32台式机内存灯条电竞玩家 16Gx2,6800 C32 A-Die 白-399",3599.0,https://item.jd.com/10208785302048.html,台式-DDR5,台式,16
2026-01-25,爵势现代 海力士 HYNIX 4G 8G 16G 32G DDR4 2133 2400 2666 3200  SK 笔记本内存条 8G 2666MHz,389.0,https://item.jd.com/10106072031513.html,笔记本-DDR4,笔记本,4
2026-01-25,爱国者32GB(16G×2)套装 DDR4 3200 台式机内存条 马甲条 双通道电脑存储条 承影黑色 C16 Deepseek硬件,1799.0,https://item.jd.com/100089794733.html,台式-DDR4,台式,32
2026-01-25,GEIL金邦 16G DDR5-5200  笔记本内存条 千禧系列,1199.0,https://item.jd.com/100103337032.html,笔记本-DDR5,笔记本,16
2026-01-25,"宏碁（acer）掠夺者（PREDATOR）冰刃系列 DDR5 6000 C28  6800 C32台式机内存灯条电竞玩家 16Gx2,6000 C28 A-Die 白-634",3999.0,https://item.jd.com/10126278226575.html,台式-DDR5,台式,16
2026-01-25,SK HYNIX海力士笔记本内存条一体机电脑适用华硕宏碁小米联想戴尔微星惠普神州苹果等 8G DDR4 3200MHz笔记本,479.0,https://item.jd.com/10197100935298.html,笔记本-DDR4,笔记本,8
2026-01-25,SK 海力士官方旗舰店 DDR5 4800 5600 6400 笔记本内存条  官方直营  海力士 32GB DDR5 5600MHZ*2条【同批次套装】,5998.0,https://item.jd.com/10200513143471.html,笔记本-DDR5,笔记本,32
2026-01-25,疆珑i9冰龙ddr4内存条16gx2海力士颗粒3600/4400台式电脑内存条 冰龙3200(16Gx2)皎月白 C15 海力士CJR,1839.0,https://item.jd.com/10160331173386.html,台式-DDR4,台式,16
2026-01-25,联想DDR5 5600Mhz频率 原装笔记本内存条 拯救者Y7000/Y9000P 2024/2025款 适用戴尔华硕宏碁惠普神州 ThinkBook16P（2024-2025款） 16GB 1条,1199.0,https://item.jd.com/10109209509242.html,笔记本-DDR5,笔记本,16
2026-01-25,骇科 机械革命极光Pro 极光Air  极光X 旷世16Pro 蛟龙16K DDR5五代笔记本电脑内存条 DDR5 5600MT/秒 32GB 2条套条 (2X16GB连号双通道）,2710.0,https://item.jd.com/10111596680267.html,笔记本-DDR5,笔记本,32
2026-01-25,疆珑i9灵龙6000内存条ddr5/6400/6800套条32g电竞64g台式机16gx2电脑24g海力士A-die/M颗粒C28助力AI 6000频 16GB单根 玄夜黑 C28 A代,1749.0,https://item.jd.com/10118149672191.html,台式-DDR5,台式,32
2026-01-25,HLHX华硕天选1 2 3 4 5 6PRO酷睿锐龙兼容飞行堡垒4 5 6 7 8 9通用4G/8G/16G/32G笔记本内存条 【16GB】DDR5 4800mhz单根,1499.0,https://item.jd.com/10089802416823.html,笔记本-DDR5,笔记本,4
2026-01-25,威刚（ADATA）万紫千红8G 16G DDR5 4800 笔记本电脑内存条16G/32G 5600运行内存 威刚16G DDR5 5600,1079.0,https://item.jd.com/10106383375340.html,笔记本-DDR5,笔记本,8
2026-01-25,七彩虹（Colorful）16GB DDR5 4800 笔记本内存条,949.0,https://item.jd.com/100086258308.html,笔记本-DDR5,笔记本,16
2026-01-25,爱国者32GB(16G×2)套装 DDR4 3200 台式机内存条 马甲条 双通道电脑存储条 承影黑色 C16 Deepseek硬件,1799.0,https://item.jd.com/100089794733.html,台式-DDR4,台式,32
2026-01-25,YSSOMAR香港黑龙【高频率】【低时序】【超稳定】【永久质保】DDR4 笔记本内存条 内存条 内存 电脑配件 3200MHz 8GB 1条,369.0,https://item.jd.com/10177629866756.html,笔记本-DDR4,笔记本,8
2026-01-25,SK HYNIX/海力士 DDR5 PC5 笔记本内存条 A代五代小绿条现代 准系统迷你主机一体机 NAS 双通道Adie mdie 16G DDR5 5600单条Adie,1570.0,https://item.jd.com/10091871664780.html,笔记本-DDR5,笔记本,16
2026-01-25,依正内存适用华硕天选笔记本内存条2/3/4电脑内存条ddr4运行内存升级原厂四代2666/3200MHz频率 DDR4-2666MHz笔记本原厂专用内存条 8GB 1条,488.0,https://item.jd.com/10167727514926.html,笔记本-DDR4,笔记本,8
2026-01-25,镁光ddr5笔记本内存条,1373.0,https://item.jd.com/10150766252667.html,笔记本-DDR5,笔记本,0
2026-01-25,HLHX华硕天选1 2 3 4 5 6PRO酷睿锐龙兼容飞行堡垒4 5 6 7 8 9通用4G/8G/16G/32G笔记本内存条 【8GB】DDR5 5600mhz单条,819.0,https://item.jd.com/10089802416825.html,笔记本-DDR5,笔记本,4
2026-01-25,三星（SAMSUNG）DDR3L DDR4 PC3 PC4 笔记本/一体机内存条 兼容 联想 华硕 戴尔 小米 惠普 宏基 苹果电脑 32G DDR4 3200MHz笔记本内存,1999.0,https://item.jd.com/10079753175194.html,笔记本-DDR4,笔记本,32
2026-01-25,云彣紫光国芯 DDR5内存条 台式机电脑内存条 5代内存条 绫龙系列 马甲条 32G（16Gx2）6000 C36黑 南亚颗粒,2599.0,https://item.jd.com/10193544570407.html,台式-DDR5,台式,32
2026-01-25,华硕天选系列 16G/32G内存条  1TB/512GB/500GB固态硬盘-笔记本电脑升级专用（适用于天选4、5、6Pro） 512GB固态硬盘 固态硬盘PCle4.0 M.2,500.0,https://item.jd.com/10168146860308.html,笔记本-其他,笔记本,16
2026-01-25,宏碁（acer）16GB单条 DDR5 5600频率 笔记本内存条 SD200系列(C46) AI电脑配件 助力黑神话悟空,1355.0,https://item.jd.com/100155515950.html,笔记本-DDR5,笔记本,16
2026-01-25,适用 华硕飞行堡垒5 6 7 8 9 顽石 天选 笔记本内存条ddr4 4g 8g 16g 32g ddr4 8G 华硕飞行堡垒8,779.0,https://item.jd.com/10058763367008.html,笔记本-DDR4,笔记本,4
2026-01-25,骇科雷神猎刃15 猎刃16 猎刃s 雷神ZERO 2024款五代笔记本电脑内存条 DDR5 5600MT/秒 16GB 1条,1355.0,https://item.jd.com/10121963266513.html,笔记本-DDR5,笔记本,16
2026-01-25,适配机械革命Z2 Z3深海泰坦X8 X9 旷世 蛟龙 极光2400 2666笔记本电脑内存条 32G 深海幽灵Z2 Air-S/Z3 Air/Z3Pro,1639.0,https://item.jd.com/10071780753243.html,笔记本-其他,笔记本,32
2026-01-25,联想拯救者2020 2021款R7000 R9000 Y7000 Y9000系列海力士笔记本内存条DDR4 3200升级拓展 DDR4-3200-8G 拯救者Y7000/R7000 2020,389.0,https://item.jd.com/10097447972424.html,笔记本-DDR4,笔记本,8
2026-01-25,七彩虹（Colorful）48G(24G*2) DDR5 6000 台式机内存条 马甲条 C30 海力士M-die 战斧系列·皓月白 1.4V,3949.0,https://item.jd.com/100198247943.html,台式-DDR5,台式,48
2026-01-25,三星（SAMSUNG）笔记本内存条4800笔记本内存ddr5兼容华硕天选戴尔惠普宏碁华为5600五代笔记本电脑内存PC5联想 三星ddr5笔记本内存32G 4800 单,2879.0,https://item.jd.com/10122110370327.html,笔记本-DDR5,笔记本,32
2026-01-25,其他品牌三星SAMSUNG原厂笔记本内存条 8GB/16GB/32GB DDR5/DDR4适用于群晖绿联 三星ddr4笔记本内存条16G 2666单,929.0,https://item.jd.com/10169428437120.html,笔记本-DDR5,笔记本,8
2026-01-25,海力士海力士原厂颗粒 HLHC DDR2 533 667 800 MHZ 笔记本电脑内存条适配戴尔联想华硕 2G DDR2 800 笔记本内存,159.0,https://item.jd.com/10053356138546.html,笔记本-其他,笔记本,2
2026-01-25,适配微星MSI GE65  将星七彩虹神枪手 武士 强袭 泰坦 绝影DDR4 笔记本内存条HLHC 8G GE72 6Q GF65 GF75 GF63,519.0,https://item.jd.com/10059579418988.html,笔记本-DDR4,笔记本,8
2026-01-25,七彩虹（Colorful）32G(16G*2) DDR5 6000 台式机内存条 马甲条 C36 国产颗粒 战斧系列·皓月白,2999.0,https://item.jd.com/100267733140.html,台式-DDR5,台式,32
2026-01-25,金士顿（Kingston）3200台式机内存条FURY Beast野兽系列 内存条 骇客神条 DDR4 Beast野兽 DDR4 3200 16G 单条,1199.0,https://item.jd.com/10056344704250.html,台式-DDR4,台式,16
2026-01-25,SK HYNIX海力士笔记本内存条一体机电脑适用华硕宏碁小米联想戴尔微星惠普神州苹果等 8G DDR5 5600MHz笔记本,789.0,https://item.jd.com/10197100935304.html,笔记本-DDR5,笔记本,8
2026-01-25,七彩虹（Colorful）32G(16G*2) DDR5 6000 台式机内存条 马甲条 C28 海力士颗粒 战斧系列·夜影黑 1.4V,3799.0,https://item.jd.com/100198247947.html,台式-DDR5,台式,32
2026-01-25,威刚（ADATA）XPG龙耀D50 吹雪限定联名DDR4内存条灯条套装严选原厂颗粒ddr4内存条台式主机升级专用兼容黑神话 D50 DDR4 16G*2 吹雪联名,2189.0,https://item.jd.com/10073466022733.html,台式-DDR4,台式,16
2026-01-25,适配机械革命Z2 Z3深海泰坦X8 X9 旷世 蛟龙 极光2400 2666笔记本电脑内存条 8G 深海幽灵Z2 Air-S/Z3 Air/Z3Pro,459.0,https://item.jd.com/10071780753215.html,笔记本-其他,笔记本,8
2026-01-25,适用机械师F117-V T58-V T90 Plus笔记本内存条DDR4 2666 3200 16GB DDR4 2666,790.0,https://item.jd.com/10085615727278.html,笔记本-DDR4,笔记本,16
2026-01-25,七彩虹(Colorful)32G(16Gx2)DDR5 6000 台式机内存条 马甲条 战斧系列·陨铁黑 C38,2799.0,https://item.jd.com/100090120192.html,台式-DDR5,台式,32
2026-01-25,金百达（KINGBANK）8G 16G 32G DDR4银爵3200频率 游戏内存 电竞内存 银爵 32G(16G*2) 3200 套条,1819.0,https://item.jd.com/10077205535955.html,台式-DDR4,台式,8
2026-01-25,天迪工控宽温级工业内存条锁定颗粒工控机内存条工控内存条VS研华工控机内存DDR-3200/2666 台式机内存DDR4-3200/搭配10代CPU 16GB 1条 /低电压/-20到70℃,797.0,https://item.jd.com/10075153015831.html,台式-DDR4,台式,16
2026-01-25,K-RICARDDDR4笔记本全兼容运行内存条2133/2400/2666/3200MHz电脑配件4/8/16/32GB×2普条mini台式主机通用 2400MHz 16GB 1条,789.0,https://item.jd.com/10205968857856.html,笔记本-DDR4,笔记本,32
2026-01-25,适配微星MSI GE65  将星七彩虹神枪手 武士 强袭 泰坦 绝影DDR4 笔记本内存条HLHC 8G PE62 7RD PE60 6Q,519.0,https://item.jd.com/10059579418999.html,笔记本-DDR4,笔记本,8
2026-01-25,HLHX华硕天选1 2 3 4 5 6PRO酷睿锐龙兼容飞行堡垒4 5 6 7 8 9通用4G/8G/16G/32G笔记本内存条 【16GB】DDR4 3200mhz单条,899.0,https://item.jd.com/10124435139563.html,笔记本-DDR4,笔记本,4
2026-01-25,爱国者16GB(8GBX2)套装 DDR4 3200 台式机内存条马甲条 双通道内存存储条 承影黑色C16  Deepseek硬件,1029.0,https://item.jd.com/100089794735.html,台式-DDR4,台式,16
2026-01-25,三星（SAMSUNG）DDR5 4800 5600 6400 笔记本内存条 适配华硕天选5/6 ROG枪神8/9 魔霸 联想拯救者 戴尔外星人 DDR5 4800MHz 笔记本内存条 8GB 1条 【,779.0,https://item.jd.com/10079670648505.html,笔记本-DDR5,笔记本,8
2026-01-25,联想DDR5 5600Mhz频率 原装笔记本内存条 拯救者Y7000/Y9000P 2024/2025款 适用戴尔华硕宏碁惠普神州 华硕天选5/天选5 Pro 2025款 16GB 1条,1199.0,https://item.jd.com/10101943768662.html,笔记本-DDR5,笔记本,16
2026-01-25,七彩虹（Colorful）48G(24G*2) DDR5 6000 台式机内存条 马甲条 C30 海力士M-die 战斧系列·夜影黑 1.4V,3949.0,https://item.jd.com/100261696866.html,台式-DDR5,台式,48
2026-01-25,何佳功R48G16G32G266632003600台式机电脑内存条马甲图吧颗粒 R4台式机内存 R4台式机内存 4GB 4条 R4台式机内存条8G/24,352.21,https://item.jd.com/10207446402447.html,台式-其他,台式,48
2026-01-25,SK HYNIX海力士笔记本内存条一体机电脑适用华硕宏碁小米联想戴尔微星惠普神州苹果等 16G DDR4 2133MHz笔记本,819.0,https://item.jd.com/10197100935292.html,笔记本-DDR4,笔记本,16
2026-01-25,金士顿（Kingston） KVR 风暴 FURY Impact DDR4 PC4 骇客神条 第四代笔记本一体机电脑内存条升级DIY游戏电竞双通道 DDR4 2400 笔记本内存 16GB 1条 单条,809.0,https://item.jd.com/10022717279039.html,笔记本-DDR4,笔记本,16
2026-01-25,SK HYNIX海力士笔记本内存条一体机电脑适用华硕宏碁小米联想戴尔微星惠普神州苹果等 8G DDR4 2133MHz笔记本,409.0,https://item.jd.com/10197100935291.html,笔记本-DDR4,笔记本,8
2026-01-25,何健弓台式机内存条ddr3三代二手电脑拆机4G8G16001333全兼容通用条 随机品牌8G1600频率 8GB 8条 随机品牌8G1600频率,120.02,https://item.jd.com/10207099662655.html,台式-其他,台式,4
2026-01-25,金士顿（Kingston）FURY 笔记本内存条DDR4 3200兼容2666 4代 3200频 8G 严选颗粒 经典普条,629.0,https://item.jd.com/67326377084.html,笔记本-DDR4,笔记本,8
2026-01-25,金士顿 (Kingston) 16GB DDR5 5600 笔记本内存条,1629.0,https://item.jd.com/100080925526.html,笔记本-DDR5,笔记本,16
2026-01-25,英睿达（crucial）镁光 8GB 16G 32G DDR5 4800 5200 5600 频率 笔记本电脑内存条 DDR5 5200（升5600） 笔记本内存条 32GB 2条套条 （16G*2）,3319.0,https://item.jd.com/10099944593373.html,笔记本-DDR5,笔记本,8
2026-01-25,疆珑i9灵龙ddr5内存16g/32g/64g台式机电脑海力士A-die/M颗粒C28助力AI 6000/6400/6800内存条 [6000] C30 16G 海力士A-die 皎月白,1739.0,https://item.jd.com/10186732228106.html,台式-DDR5,台式,16
2026-01-25,金士顿（Kingston）FURY 16GB DDR5 6000 台式机内存条 Beast 超级野兽系列 海力士颗粒 CL30 支持XMP&EXPO 白色款,1749.0,https://item.jd.com/100283822208.html,台式-DDR5,台式,16
2026-01-25,云彣紫光国芯 DDR5内存条 台式机电脑内存条 5代内存条 绫龙系列 马甲条 32G（16Gx2）6000 C36白 南亚颗粒,2599.0,https://item.jd.com/10193544570408.html,台式-DDR5,台式,32
2026-01-25,英睿达（crucial） 美光 DDR5 4800 PC5 笔记本电脑内存条 镁光颗粒 ECC纠错 16G DDR5 5600 即插即用 原生频率 优化能效,1609.0,https://item.jd.com/10072266494777.html,服务器-DDR5,服务器,16
2026-01-25,K-RICARD全新ddr3台式机全兼容运行内存条1333/1600MHz电脑配件内存条2/4/8GB×2普条主机通用代gb标压1.5V 1600MHz 8GB 1条,139.0,https://item.jd.com/10205974377976.html,台式-其他,台式,8
2026-01-25,SKHY 海力士 DDR4 PC4 四代 SODIMM 笔记本电脑内存条 4G DDR4 2133 笔记本内存,189.0,https://item.jd.com/72476751898.html,笔记本-DDR4,笔记本,4
2026-01-25,金士顿（Kingston） IMPACT风暴4代笔记本内存条DDR4/DDR5 游戏电竞电脑内存 骇客内存兼容2133 2400运行内存5600MHZ 金士顿骇客DDR4 2666MH笔记本内存 8G,609.0,https://item.jd.com/10107189453341.html,笔记本-DDR5,笔记本,8
2026-01-25,七彩虹（Colorful）32G(16G*2)DDR5 6800 台式机内存条 马甲条 战斧系列·陨铁黑 C38 三星颗粒,2899.0,https://item.jd.com/100195003660.html,台式-DDR5,台式,32
2026-01-25,SK 海力士官方旗舰店 DDR5 4800 5600 6400 笔记本内存条  官方直营  海力士 48GB DDR5 6400MHZ*2条【同批次套装】,9998.0,https://item.jd.com/10200513143481.html,笔记本-DDR5,笔记本,48
2026-01-25,金士顿ddr3内存条4G 8G 1333 1600台式机威刚全兼容 三代内存条 品牌机 4G 1600频率【兼容品牌机电脑】,60.0,https://item.jd.com/10194949435210.html,台式-其他,台式,4
2026-01-25,金百达 银爵DDR4 16G3200Mhz内存条/8G 16G 32G 64G C16 C18 电脑内存条/游戏电竞马甲条 银爵DDR4 16G3200 C16,999.0,https://item.jd.com/10192978106006.html,台式-DDR4,台式,16
2026-01-25,联想（Lenovo） 原装笔记本内存条 DDR4四代电脑内存扩展卡 8G DDR4-2666MHZ 拯救者15/拯救者R720,419.0,https://item.jd.com/37235851732.html,笔记本-DDR4,笔记本,8
2026-01-25,GEIL金邦 32G(16G*2) DDR4 3600 台式机电脑内存条 天箭系列 双通道存储条 黑色C16  海力士CJR颗粒,1899.0,https://item.jd.com/100117257839.html,台式-DDR4,台式,32
2026-01-25,云彣紫光国芯 DDR5内存条 台式机电脑内存条 5代内存条 绫龙系列 马甲条 48G（24Gx2）6000 C36白 美光颗粒,3099.0,https://item.jd.com/10193544570412.html,台式-DDR5,台式,48
2026-01-25,金士顿（Kingston）FURY 笔记本内存条DDR4 3200兼容2666 4代 3200频 16G 严选颗粒 经典普条,1169.0,https://item.jd.com/67326377085.html,笔记本-DDR4,笔记本,16
2026-01-25,联想DDR5 5600Mhz频率 原装笔记本内存条 拯救者Y7000/Y9000P 2024/2025款 适用戴尔华硕宏碁惠普神州 拯救者Y7000 （2023-2025款） 16GB 1条,1199.0,https://item.jd.com/10101943768658.html,笔记本-DDR5,笔记本,16
2026-01-25,华硕天选系列 16G/32G内存条  1TB/512GB/500GB固态硬盘-笔记本电脑升级专用（适用于天选4、5、6Pro） 加16GB内存+512GB固态硬盘 内存频率5600MHz+硬盘PCle4.0 M.2,1500.0,https://item.jd.com/10168146860312.html,笔记本-其他,笔记本,16
2026-01-25,HLHX华硕天选1 2 3 4 5 6PRO酷睿锐龙兼容飞行堡垒4 5 6 7 8 9通用4G/8G/16G/32G笔记本内存条 【32GB】DDR4 3200mhz单条,1899.0,https://item.jd.com/10124435139565.html,笔记本-DDR4,笔记本,4
2026-01-25,YSSOMAR香港黑龙【高频率】【低时序】【超稳定】【永久质保】DDR4 笔记本内存条 内存条 内存 电脑配件 2666MHz 16GB 1条,648.0,https://item.jd.com/10177629866753.html,笔记本-DDR4,笔记本,16
2026-01-25,联想（Lenovo）通用系列DDR5/DDR4内存条  16G/32G 4800MHz可选 笔记本内存条适用联想戴尔惠普华硕等笔记本 YH33 笔记本 16GB DDR4 2666MHz,999.0,https://item.jd.com/10202821830657.html,笔记本-DDR5,笔记本,16
2026-01-25,疆珑i9灵龙ddr5内存16g/32g/64g台式机电脑海力士A-die/M颗粒C28助力AI 6000/6400/6800内存条 [6000] C28 16G 海力士A-die 玄夜黑,1749.0,https://item.jd.com/10186732228109.html,台式-DDR5,台式,16
2026-01-25,七彩虹(Colorful) 16G DDR4 2666 笔记本内存条,749.0,https://item.jd.com/100044966213.html,笔记本-DDR4,笔记本,16
2026-01-25,三星DDR5 4800/5600笔记本内存条五代 适配华硕天选3/4/5 ROG枪神7 魔霸6/7 无畏Pro16 幻15/16 冰刃6 DDR5 5600mhz单条【8GB】,829.0,https://item.jd.com/10098673873749.html,笔记本-DDR5,笔记本,8
2026-01-25,YSSOMAR 香港黑龙 DDR4  白极光 台式机内存条 3200MHz（白橘） 时序cl16 32GB 1套 16GBx2 连号,1495.0,https://item.jd.com/10184899493858.html,台式-DDR4,台式,32
2026-01-25,通用三星 8G DDR3L 1600内存条8GB PC3L12800S 笔记本内存低电压,145.0,https://item.jd.com/10085934990887.html,笔记本-其他,笔记本,8
2026-01-25,七彩虹（Colorful）32G(16G*2)DDR5 6800 C38 台式机内存 RGB灯条 iGame Ultra Ⅱ·系列 1.4V,3279.0,https://item.jd.com/100267289810.html,台式-DDR5,台式,32
2026-01-25,适配华硕完美国度天选Air 1代 2代飞行堡垒8 9代ROG魔霸4 5笔记本内存条HLHC DDR4 3200 8G ROG魔霸5R Plus/G713,439.0,https://item.jd.com/10057787576725.html,笔记本-DDR4,笔记本,8
2026-01-25,爵势（JUESHI）(JUESHI)8G 16G DDR4 2666 3200 3600台式机电脑内存条兼容2400 爵势 DDR4 3200 8GB 1条 单条,349.0,https://item.jd.com/10099169833247.html,台式-DDR4,台式,8
2026-01-25,戴尔（DELL）服务器内存 服务器工作配件 企业级ECC内存条 16G DDR4 3200 UDIMM【拆机】 批量采购咨询客服享优惠,1800.0,https://item.jd.com/10067799951522.html,服务器-DDR4,服务器,16
2026-01-25,适配微星MSI GE65  将星七彩虹神枪手 武士 强袭 泰坦 绝影DDR4 笔记本内存条HLHC 8G 冲锋坦克2 Pro GP65 GP75 GP63,519.0,https://item.jd.com/10059579418993.html,笔记本-DDR4,笔记本,8
2026-01-25,骇科适用机械师创物者15/16 F117 T90 T58 星辰15 曙光15笔记本电脑 DDR4 2666MHz 8GB内存条（单条）,438.0,https://item.jd.com/10101078691447.html,笔记本-DDR4,笔记本,8
2026-01-25,威刚（ADATA） 雷神笔记本专用内存条911SE MT ME ST暗杀星Pro Air AIR升级,329.0,https://item.jd.com/10043848645127.html,笔记本-其他,笔记本,0
2026-01-25,GEIL金邦 32G(16G*2)套装 DDR4 3600 台式机电脑内存条 Intel专用 GL2000马甲系列黑C16 海力士CJR颗粒,1839.0,https://item.jd.com/100135244604.html,台式-DDR4,台式,32
2026-01-25,爵势（JUESHI）爵势 8G 16G DDR4 2666 3200笔记本电脑内存条全新兼容2400 爵势 DDR4 3200 8GB 1条 单条,349.0,https://item.jd.com/10099169846377.html,笔记本-DDR4,笔记本,8
2026-01-25,七彩虹（Colorful）32G(16G*2)DDR4 3200 台式机内存条 马甲条 战斧系列·钛金灰 C18,1749.0,https://item.jd.com/100176751558.html,台式-DDR4,台式,32
2026-01-25,雷克沙（Lexar）DDR5 6400 64GB(32GB×2)套条 电竞RGB灯条内存条 CL42 AI部署必备 Thor雷神之刃二代 银色,4699.0,https://item.jd.com/100281339342.html,台式-DDR5,台式,64
2026-01-25,何健弓金士/顿ddr3内存条8G16004G台式机原装拆机兼容三代1333 金士/顿4G频率1333 4GB 4条 金士/顿4G频率1333,127.67,https://item.jd.com/10207100274718.html,台式-其他,台式,8
2026-01-25,惠普惠普暗影精灵4 5 6 7 8 9 10 Plus 战99 战X 光影精灵8Victus 通用4G/8G/16G/32G笔记本内存条 【8GB】DDR4 2666mhz单条,439.0,https://item.jd.com/10136842767638.html,笔记本-DDR4,笔记本,4
2026-01-25,七彩虹DDR5台式机C38内存条32G（16*2）套装橘猫ARGB灯条萌宠家族颜值上机双通道兼容电竞游戏加速 C38橘影橙 6800Mhz 16G 单条裸包装,2169.0,https://item.jd.com/10209455947847.html,台式-DDR5,台式,32
2026-01-25,爵势（JUESHI）爵势 8G 16G DDR4 2666 3200笔记本电脑内存条全新兼容2400 爵势 8G 2666笔记本内存,329.0,https://item.jd.com/10099169846130.html,笔记本-DDR4,笔记本,8
2026-01-25,戴尔（DELL）服务器内存 服务器工作配件 企业级ECC内存条 32G DDR4 3200 UDIMM【拆机】 批量采购咨询客服享优惠,3900.0,https://item.jd.com/10067799951523.html,服务器-DDR4,服务器,32
2026-01-25,UnilC国芯紫光 DDR4 笔记本 台式机 内存条 稳定兼容 台式机 DDR4 32G 3200,2299.0,https://item.jd.com/10170782938110.html,笔记本-DDR4,笔记本,32
2026-01-25,金士顿(Kingston) 内存条DDR4 笔记本电脑内存条FURY IMPACT 3200兼容2400 自动超频 笔记本【D4 3200频】8G 风暴 散热涂层,639.0,https://item.jd.com/10094973896530.html,笔记本-DDR4,笔记本,8
2026-01-25,适配机械革命Z2 Z3深海泰坦X8 X9 旷世 蛟龙 极光2400 2666笔记本电脑内存条 32G 深海幽灵Z2 Air-S/Z3 Air/Z3Pro,1639.0,https://item.jd.com/10071780753243.html,笔记本-其他,笔记本,32
2026-01-25,K-RICARD全新ddr3台式机全兼容运行内存条1333/1600MHz电脑配件内存条2/4/8GB×2普条主机通用代gb标压1.5V 1600MHz 2GB 1条,49.0,https://item.jd.com/10205974377974.html,台式-其他,台式,8
2026-01-25,适配微星MSI GE65  将星七彩虹神枪手 武士 强袭 泰坦 绝影DDR4 笔记本内存条HLHC 8G GP72MVR 7RFX GP72VR GP62,519.0,https://item.jd.com/10059579418994.html,笔记本-DDR4,笔记本,8
2026-01-25,HLHX华硕天选1 2 3 4 5 6PRO酷睿锐龙兼容飞行堡垒4 5 6 7 8 9通用4G/8G/16G/32G笔记本内存条 【8GB】DDR4 3200mhz单条,459.0,https://item.jd.com/10124435139558.html,笔记本-DDR4,笔记本,4
2026-01-25,三星（SAMSUNG）三星DDR5笔记本内存条6400/5600/4800 32G/16G/8G兼容联想 惠普华硕天选 电脑运行升级 畅快游戏 4800MHz  DDR5 8GB 1条,779.0,https://item.jd.com/10208011095154.html,笔记本-DDR5,笔记本,32
2026-01-25,何佳功威刚创建1RX8PC4-2400TR4IMMECC服务器内存条 金士顿4G24 金士顿4G24 4GB 4条 金士顿4G2400ECC,277.49,https://item.jd.com/10207446899902.html,服务器-其他,服务器,4
2026-01-25,宇瞻NOX暗黑马甲 DDR5内存条超频加速游戏电竞台式机电脑 马甲条 暗黑马甲【6000/C38】黑16G M-die,1479.0,https://item.jd.com/10206624836938.html,台式-DDR5,台式,16
2026-01-25,UnilC国芯紫光 DDR4 笔记本 台式机 内存条 稳定兼容 笔记本 DDR4 8G 2666,459.0,https://item.jd.com/10170782938099.html,笔记本-DDR4,笔记本,8
2026-01-25,SK HYNIX海力士笔记本内存条一体机电脑适用华硕宏碁小米联想戴尔微星惠普神州苹果等 16G DDR4 3200MHz笔记本,959.0,https://item.jd.com/10197100935299.html,笔记本-DDR4,笔记本,16
2026-01-25,戴尔（DELL）服务器内存 服务器工作配件 企业级ECC内存条 8G DDR4 3200 UDIMM【拆机】 批量采购咨询客服享优惠,900.0,https://item.jd.com/10067799951521.html,服务器-DDR4,服务器,8
2026-01-25,骇客神笔记本内存条 DDR4 2666  3200  8GB 16GB 3200MHz 16GB笔记本内存 单条,669.0,https://item.jd.com/10110478783749.html,笔记本-DDR4,笔记本,8
2026-01-25,铭瑄（MAXSUN）瑷珈 6400/6000MHz 16GB*2 瑷雪DDR5内存条 一键超频台式机马甲条 铭瑄珈妹DDR5  16GB 2条 6400MHz,3699.0,https://item.jd.com/10157410487496.html,台式-DDR5,台式,16
2026-01-25,铭瑄（MAXSUN）瑷珈 6400/6000MHz 16GB*2 瑷雪DDR5内存条 一键超频台式机马甲条 铭瑄珈妹DDR5  16GB 2条 6000MHz,3499.0,https://item.jd.com/10163322381650.html,台式-DDR5,台式,16
2026-01-25,WZTUP戴尔内存条4G8G DDR3L1600(低电压) 适用于灵越 游匣 成就笔记本内存拓展HLHC  4G-DDR3L-1600频率 灵越15 7000(7568),159.0,https://item.jd.com/10052551214617.html,笔记本-其他,笔记本,4
2026-01-25,K-RICARDDDR4台式机全兼容运行内存条2133/2400/2666/3200MHz电脑配件内存条4/8/16/32GB×2普条主机通用代 3200MHz 16GB 1条,789.0,https://item.jd.com/10204891798922.html,台式-DDR4,台式,32
2026-01-25,UnilC国芯紫光 DDR4 笔记本 台式机 内存条 稳定兼容 SCC16GU03H4F1C-32AA,1199.0,https://item.jd.com/10191161068226.html,笔记本-DDR4,笔记本,16
2026-01-25,海力士笔记本内存条4G8G16G32G DDR4 DDR3/3L内存适用联想戴尔华硕宏碁惠普 DDR4 2400 16G,659.0,https://item.jd.com/10026232552130.html,笔记本-DDR4,笔记本,4
2026-01-25,SK 海力士官方旗舰店 DDR5 4800 5600 6400 笔记本内存条  官方直营  海力士 48GB DDR5 6400MHZ*2条【同批次套装】,9998.0,https://item.jd.com/10200513143481.html,笔记本-DDR5,笔记本,48
2026-01-25,金百达（KINGBANK）3200  2666  8G/16G/32G笔记本内存条电脑通用游戏办公提速 ddr4 2666 32gb(16gb*2)双条本,1725.0,https://item.jd.com/10176562636931.html,笔记本-DDR4,笔记本,8
2026-01-25,朗科（Netac）16GB(8G×2)套装 DDR4 3200 台式机内存条 越影II系列 电竞马甲-精选颗粒(C16)白色,939.0,https://item.jd.com/100038751911.html,台式-DDR4,台式,16
2026-01-25,金百达银爵16GDDR4内存条黑爵8G/16G/32G DDR4内存条电脑台式机全兼容 16G3200银爵/全平台,919.0,https://item.jd.com/10122806891412.html,台式-DDR4,台式,16
2026-01-25,WZTUP戴尔内存条4G8G DDR3L1600(低电压) 适用于灵越 游匣 成就笔记本内存拓展HLHC  8G-DDR3L-1600频率 Inspiron灵越15 5000,239.0,https://item.jd.com/10052551214661.html,笔记本-其他,笔记本,4
2026-01-25,金百达银爵DDR4内存条16x2 3200 3600 8x2 32白刃星刃台式马甲 银 银爵DDR4 3600-16G（8G*2)C18,1029.91,https://item.jd.com/10183710022311.html,台式-DDR4,台式,16
2026-01-25,七彩虹（Colorful）32G(16G*2) DDR5 6000 台式机内存条 马甲条 C36 三星颗粒 战斧系列·夜影黑,3199.0,https://item.jd.com/100152214407.html,台式-DDR5,台式,32
2026-01-25,XIAOLI.AI MEMORY小理记忆DDR4 8GB 16GB 2666 3200MHz兼容2133 2400适用Intel及AMD 全新原装笔记本电脑四代内存条 3200MHz 16GB三X颗粒,600.0,https://item.jd.com/10109989483884.html,笔记本-DDR4,笔记本,8
2026-01-25,何佳功适用台式机内存条4 8 16 3 1600台式机电脑笔记本内存条 笔记本4G 1600  1.35V,39.95,https://item.jd.com/10209748755729.html,笔记本-其他,笔记本,4
2026-01-25,光威（Gloway）32GB(16GBx2) DDR5 6000 台式机内存条  龙武-弈 RGB灯条 国产颗粒 CL36 星空黑,3599.0,https://item.jd.com/100233027344.html,台式-DDR5,台式,32
2026-01-25,联想（Lenovo）服务器工作站内存条 16G 3200MHz DDR4 DIMM,1889.0,https://item.jd.com/10029652740508.html,服务器-DDR4,服务器,16
2026-01-25,适配微星MSI GE65  将星七彩虹神枪手 武士 强袭 泰坦 绝影DDR4 笔记本内存条HLHC 16G GE72 6Q GF65 GF75 GF63,809.0,https://item.jd.com/10059579419010.html,笔记本-DDR4,笔记本,16
2026-01-25,何佳功R44g8g16g2133240026663200全兼容电脑拆机笔记本内存条 随机杂牌4G 随机杂牌4G 4GB 4条 随机杂牌4G/2400,131.12,https://item.jd.com/10207446777393.html,笔记本-其他,笔记本,44
2026-01-25,适配微星MSI GE65  将星七彩虹神枪手 武士 强袭 泰坦 绝影DDR4 笔记本内存条HLHC 16G Creator 17M Creator 15M,809.0,https://item.jd.com/10059579419004.html,笔记本-DDR4,笔记本,16
2026-01-25,宏碁掠夺者（PREDATOR） DDR5 台式机内存条 Vesta II炫光系列 7200频率 C34炫光银Adie 364 32GB 2条套条 16*2,2899.0,https://item.jd.com/10206504033523.html,台式-DDR5,台式,32
2026-01-25,阿斯加特（Asgard）48GB(24GBx2) DDR5 6000 台式机内存条 海拉 马甲条 精选颗粒 CL42 极夜白,2899.0,https://item.jd.com/100237817665.html,台式-DDR5,台式,48
2026-01-25,何佳功威刚创建1RX8PC4-2400TR4IMMECC服务器内存条 金士顿4G24 金士顿4G24 4GB 4条 金士顿4G2400ECC,277.49,https://item.jd.com/10207446899902.html,服务器-其他,服务器,4
2026-01-25,爵势（JUESHI）8G 16G 32G DDR4 2666 3200 3600 台式机电脑内存条 兼容2400 爵势 32G 3200马甲条,979.0,https://item.jd.com/10194985782025.html,台式-DDR4,台式,8
2026-01-25,捌木熊DDR4 8G 2666MHZ内存条 台式机 单根 PC4 扩容家用 影锋系列 ddr4  全新   GJC-80088 2400/2666MHz 8GB 2条套条 2666HMZ,519.0,https://item.jd.com/10204872947843.html,台式-DDR4,台式,8
2026-01-25,K-RICARDDDR4台式机全兼容运行内存条2133/2400/2666/3200MHz电脑配件内存条4/8/16/32GB×2普条主机通用代 2400MHz 16GB 1条,789.0,https://item.jd.com/10204891798914.html,台式-DDR4,台式,32
2026-01-25,ADVANTECH研华工控机EPC-B2287嵌入式2U主机 支持10代酷睿CPU H420E 双HDM显示 DDR4笔记本内存条 6USB3.0  EPC-B2000/287G2/i9-10900 16G/1T+512GSSD/150W,11367.0,https://item.jd.com/10163127550035.html,笔记本-DDR4,笔记本,287
2026-01-25,YSSOMAR 香港黑龙 DDR4  白极光 台式机内存条 3600MHz (黑橙） 时序cl16 海力士CJR 32GB 1套 16GBx2 连号,1599.0,https://item.jd.com/10208541443034.html,台式-DDR4,台式,32
2026-01-25,七彩虹（Colorful）4GB DDR3 1600 台式机内存 普条系列 1.35V 低压,65.0,https://item.jd.com/100123277737.html,台式-其他,台式,4
2026-01-25,毕伟笔记本内存条DDR4 4G 8G 16G 32G电脑单条2133 2400 2666 3200精选镁光三星颗粒 适配惠普联想华硕 2666MHZ 4GB 1条,182.0,https://item.jd.com/10111276895044.html,笔记本-DDR4,笔记本,4
2026-01-25,金士顿DDR2 800 2G台式机内存条KVR800D2N6/2G 667全兼容二代 浅绿色 800MHz,29.9,https://item.jd.com/10163329982973.html,台式-其他,台式,2
2026-01-25,三星（SAMSUNG）笔记本内存条4800笔记本内存ddr5兼容华硕天选戴尔惠普宏碁华为5600五代笔记本电脑内存PC5联想 三星ddr5笔记本内存16G(8G*2) 4800,1639.0,https://item.jd.com/10167662559406.html,笔记本-DDR5,笔记本,16
2026-01-25,HLHX玩家国度ROG枪神6 7 8 9Plus魔霸新锐 幻14 幻16 G513通用4G/8G/16G/32G笔记本内存条 【16GB】DDR5 4800mhz单条,1499.0,https://item.jd.com/10089750874707.html,笔记本-DDR5,笔记本,16
2026-01-25,阿斯加特（Asgard）48GB(24GBx2) DDR5 6000 台式机内存条 女武神·瓦尔基里II代 RGB灯条 精选颗粒 CL36 极地白,3699.0,https://item.jd.com/100285012248.html,台式-DDR5,台式,48
2026-01-25,戴尔（DELL）服务器内存 服务器工作配件 企业级ECC内存条 8G DDR4 3200 UDIMM【拆机】 批量采购咨询客服享优惠,900.0,https://item.jd.com/10067799951521.html,服务器-DDR4,服务器,8
2026-01-25,金士顿（Kingston）FURY 32GB(16G×2)套装 DDR5 6000 台式机内存条 Beast 野兽 支持XMP&EXPO C36 白色款,3399.0,https://item.jd.com/100148486018.html,台式-DDR5,台式,32
2026-01-25,光威（Gloway）32GB(16GBx2) DDR5 6000 台式机内存条 龙武 RGB灯条 海力士A-die CL30 星空黑,3629.0,https://item.jd.com/100228265631.html,台式-DDR5,台式,32
2026-01-25,三星海力士镁光英睿达联想华硕威刚金百达金士顿DDR4 3200/2666/2400二手拆机笔记本内存条4G/8G/16G/32G 95新 DDR4 2400 4GB,124.0,https://item.jd.com/10192996038535.html,笔记本-DDR4,笔记本,4
2026-01-25,何佳功适用台式机内存条4 8 16 3 1600台式机电脑笔记本内存条 笔记本4G 1600  1.35V,39.95,https://item.jd.com/10209748755729.html,笔记本-其他,笔记本,4
2026-01-25,威刚（ADATA） 雷神笔记本专用内存条911SE MT ME ST暗杀星Pro Air AIR升级,309.0,https://item.jd.com/10043848645124.html,笔记本-其他,笔记本,0
2026-01-25,金士顿（Kingston）FURY 32GB(16G×2)套装 DDR5 6400 台式机内存条 Beast RGB灯条  海力士A-die CL32 XMP&EXPO 白色,3699.0,https://item.jd.com/100092806813.html,台式-DDR5,台式,32
2026-01-25,七彩虹（Colorful）8GB DDR3 1600 台式机内存 普条系列 1.35V 低压,129.0,https://item.jd.com/100149226928.html,台式-其他,台式,8
2026-01-25,何佳功R44g8g16g2133240026663200全兼容电脑拆机笔记本内存条 随机杂牌4G 随机杂牌4G 4GB 4条 随机杂牌4G/2400,131.12,https://item.jd.com/10207446777393.html,笔记本-其他,笔记本,44
2026-01-25,UnilC国芯紫光 DDR4 笔记本 台式机 内存条 稳定兼容 台式机 DDR4 16G 3200,1099.0,https://item.jd.com/10170782938109.html,笔记本-DDR4,笔记本,16
2026-01-25,美商海盗船（USCORSAIR）8G  16G DDR4 3600 3200 3000 2666 2400 频率台式机电脑内存条 海盗船复仇者 马甲 DDR4 3600 16GB 2条套条 （8G*2,959.0,https://item.jd.com/10073962182644.html,台式-DDR4,台式,8
2026-01-25,骇客神笔记本内存条 DDR4 2666  3200  8GB 16GB 2666MHz 8GB笔记本内存 单条,309.0,https://item.jd.com/10110478783746.html,笔记本-DDR4,笔记本,8
2026-01-25,WZTUP戴尔内存条4G8G DDR3L1600(低电压) 适用于灵越 游匣 成就笔记本内存拓展HLHC  4G-DDR3L-1600频率 灵越15 7000(7568),159.0,https://item.jd.com/10052551214617.html,笔记本-其他,笔记本,4
2026-01-25,朗科（Netac）32GB(16G×2)套装 DDR4 3200 台式机内存条 越影II系列 电竞马甲-精选颗粒(C16)黑色,1769.0,https://item.jd.com/100030204447.html,台式-DDR4,台式,32
2026-01-25,博林克 笔记本内存条ddr4内存3200 2400MHz适用联想ThinkBooK华硕华为小米惠普,468.0,https://item.jd.com/10066335691338.html,笔记本-DDR4,笔记本,0
2026-01-25,K-RICARDDDR4台式机全兼容运行内存条2133/2400/2666/3200MHz电脑配件内存条4/8/16/32GB×2普条主机通用代 2666MHz 16GB 1条,789.0,https://item.jd.com/10204891798918.html,台式-DDR4,台式,32
2026-01-25,GEIL金邦 16G(8Gx2) DDR4-3200 笔记本内存条 千禧系列,879.0,https://item.jd.com/100257411826.html,笔记本-DDR4,笔记本,16
2026-01-25,金士顿（Kingston）FURY 16GB DDR5 6400 台式机内存条 Beast 超级野兽系列 海力士A-die颗粒 CL32 支持XMP&EXPO,1799.0,https://item.jd.com/100213022971.html,台式-DDR5,台式,16
2026-01-25,昂达 8G/16G DDR4 3200MHz台式机电脑主机内存兼容 2666 4G/2666全兼容条,249.0,https://item.jd.com/10196846034888.html,台式-DDR4,台式,8
2026-01-25,瑞势原装RamstaDDR4 2133 4G 2400 8G四代2666台式机电脑天狼系列内存 4g ddr4 2133mhz天狼系列内存 4g ddr4 2400mhz天狼系列内存,184.44,https://item.jd.com/10208541412833.html,台式-DDR4,台式,4
2026-01-25,ADVANTECH研华工控机EPC-B2287嵌入式2U主机 支持10代酷睿CPU H420E 双HDM显示 DDR4笔记本内存条 6USB3.0  EPC-B2000/287G2/i9-10900 16G/1T+512GSSD/150W,11367.0,https://item.jd.com/10163127550035.html,笔记本-DDR4,笔记本,287
2026-01-25,七彩虹（Colorful）32G(16G*2) DDR5 6800 台式机内存条 马甲条 C38 三星颗粒 战斧系列·夜影黑,3249.0,https://item.jd.com/100206844138.html,台式-DDR5,台式,32
2026-01-25,联想（Lenovo）拯救者R7000 R9000 Y7000 Y9000系列笔记本内存条升级拓展,899.0,https://item.jd.com/10044937556935.html,笔记本-其他,笔记本,0
2026-01-25,铨兴16G单条 DDR5 4800MHz 笔记本内存条 高频低功耗 学生办公升级 内存条ddr5 稳定兼容首选 s4800,1259.0,https://item.jd.com/100266187354.html,笔记本-DDR5,笔记本,16
2026-01-25,K-RICARD全新ddr3台式机全兼容运行内存条1333/1600MHz电脑配件内存条2/4/8GB×2普条主机通用代gb标压1.5V 1600MHz 2GB 1条,49.0,https://item.jd.com/10205974377974.html,台式-其他,台式,8
2026-01-25,美商海盗船 (USCORSAIR) 32GB(16Gx2)套装 DDR5 6000 台式机内存条 复仇者 RGB灯条 黑色 C36,3459.0,https://item.jd.com/100032059497.html,台式-DDR5,台式,32
2026-01-25,YSSOMAR 香港黑龙 DDR4  白极光 台式机内存条 3200MHz (黑橙） 时序cl16 16GB 1套 8GBx2 连号,768.0,https://item.jd.com/10206823824531.html,台式-DDR4,台式,16
2026-01-25,佰维（BIWIN）DDR5台式机内存条  DW100 时空行者炫光RGB灯条电脑配件 32G【16GX2】6000 C36黑/镁光,3099.0,https://item.jd.com/10162484523746.html,台式-DDR5,台式,32
2026-01-25,K-RICARD全新ddr3台式机全兼容运行内存条1333/1600MHz电脑配件内存条2/4/8GB×2普条主机通用代gb标压1.5V 1600MHz 8GB 1条,139.0,https://item.jd.com/10205974377976.html,台式-其他,台式,8
2026-01-25,爵势（JUESHI）爵势 8G 16G DDR4 2666 3200笔记本电脑内存条全新兼容2400 爵势 DDR4 2666 8GB 1条 单条,329.0,https://item.jd.com/10099169846375.html,笔记本-DDR4,笔记本,8
2026-01-25,联想DDR5 5600Mhz频率 原装笔记本内存条 拯救者Y7000/Y9000P 2024/2025款 适用戴尔华硕宏碁惠普神州 拯救者Y7000P （2023-2025款） 16GB 1条,1199.0,https://item.jd.com/10101943768660.html,笔记本-DDR5,笔记本,16
2026-01-25,镁光原装MTC4C10163S1SC56BD1 8G 1RX16 PC5-5600B DDR5笔记本内存条,882.04,https://item.jd.com/10165191686888.html,笔记本-DDR5,笔记本,8
2026-01-25,GEIL金邦 16G DDR4-3200  笔记本内存条 千禧系列,839.0,https://item.jd.com/100120961954.html,笔记本-DDR4,笔记本,16
2026-01-25,三星海力士镁光英睿达联想华硕威刚金百达金士顿DDR4 3200/2666/2400二手拆机笔记本内存条4G/8G/16G/32G 95新 DDR4 2400 8GB,240.0,https://item.jd.com/10191451219735.html,笔记本-DDR4,笔记本,4
2026-01-25,金士顿（Kingston）二手9成新笔记本内存条DDR4 3 4代4G/8G/16G笔记本内存升级 DDR3-1600频率-8G,105.0,https://item.jd.com/10132905803224.html,笔记本-DDR4,笔记本,4
2026-01-25,三星（SAMSUNG）笔记本内存条4800笔记本内存ddr5兼容华硕天选戴尔惠普宏碁华为5600五代笔记本电脑内存PC5联想 三星ddr5笔记本内存32G(16G*2) 5600,4079.0,https://item.jd.com/10167666377795.html,笔记本-DDR5,笔记本,32
2026-01-25,K-RICARD全新ddr3台式机全兼容运行内存条1333/1600MHz电脑配件内存条2/4/8GB×2普条主机通用代gb标压1.5V 1333MHz 4GB 1条,79.0,https://item.jd.com/10205974377972.html,台式-其他,台式,8
2026-01-25,宏碁掠夺者（PREDATOR） DDR5 台式机内存条 Hera影锋系列 8000/8200/8400高频率 台式机电脑配件 8200频率 C36 Adie影锋银 32GB 2条套条 16*2,3299.0,https://item.jd.com/10206104749522.html,台式-DDR5,台式,32
2026-01-25,依正内存适用华硕天选笔记本内存条2/3/4电脑内存条ddr4运行内存升级原厂四代2666/3200MHz频率 DDR4-3200MHz笔记本原厂专用内存条 8GB 1条,498.0,https://item.jd.com/10167695830402.html,笔记本-DDR4,笔记本,8
2026-01-25,金士顿ddr3内存条4G 8G 1333 1600台式机威刚全兼容 三代内存条 威刚4G 1600频率【原装拆机】,38.0,https://item.jd.com/10194949435190.html,台式-其他,台式,4
2026-01-25,金士顿DDR4内存条，8GB容量，满足多任务需求。,479.0,https://item.jd.com/29873946961.html,台式-DDR4,台式,8
2026-01-25,金百达（KINGBANK）16GB DDR4 3200 台式机内存条 银爵 C16 适配黑神话悟空,909.0,https://item.jd.com/100007177597.html,台式-DDR4,台式,16
2026-01-25,适用 华硕飞行堡垒5 6 7 8 9 顽石 天选 笔记本内存条ddr4 4g 8g 16g 32g ddr4 8G A456U/A556U/F441/FX86,779.0,https://item.jd.com/59991209328.html,笔记本-DDR4,笔记本,4
2026-01-25,K-RICARDDDR4笔记本全兼容运行内存条2133/2400/2666/3200MHz电脑配件4/8/16/32GB×2普条mini台式主机通用 2666MHz 8GB 1条,425.0,https://item.jd.com/10205968857859.html,笔记本-DDR4,笔记本,32
2026-01-25,金士顿DDR2 800 2G台式机内存条KVR800D2N6/2G 667全兼容二代 浅绿色 800MHz,29.9,https://item.jd.com/10163329982973.html,台式-其他,台式,2
2026-01-25,【2手95新】金士顿 2GB 4GB 8G 16Gb 3代1600 1333 DDR3 4代DDR4 2400 2666内存条 金士顿DDR3-8G-1600 DDR3兼容条,108.0,https://item.jd.com/10205600319426.html,台式-DDR4,台式,2
2026-01-25,BLKE 适用华硕笔记本内存条DDR4/3200/2666/2400天选/无畏/无双/破晓/飞行堡垒/灵耀/顽石电脑内存条 华硕笔记本内存条【DDR4-8G-2666】,468.0,https://item.jd.com/10065092155609.html,笔记本-DDR4,笔记本,8
2026-01-25,适用 华硕飞行堡垒5 6 7 8 9 顽石 天选 笔记本内存条ddr4 4g 8g 16g 32g ddr4 8G 华硕飞行堡垒7,779.0,https://item.jd.com/10058763367007.html,笔记本-DDR4,笔记本,4
2026-01-25,联想原装内存条 台式机电脑5代DDR5 5600 4800 4代DDR4 2666 3200 3代DDR3 1600内存扩展卡电脑加速卡 3200MHz 8GB 1条 台式机,565.0,https://item.jd.com/10206944440971.html,台式-DDR5,台式,8
2026-01-25,佰维（BIWIN）DDR5台式机内存条  DW100 时空行者炫光RGB灯条电脑配件 32G【16GX2】6000 C36白/镁光,3099.0,https://item.jd.com/10162484523747.html,台式-DDR5,台式,32
2026-01-25,捌木熊DDR4 8G 2666MHZ内存条 台式机 单根 PC4 扩容家用 影锋系列 ddr4  全新   GJC-80088 2400/2666MHz 16GB 1条 2666HMZ,559.0,https://item.jd.com/10209568435154.html,台式-DDR4,台式,8
2026-01-25,金百达（KINGBANK）银爵3600 8gx2内存条金百达银爵ddr4 3200内存条2666海力士内存条16g马甲条32g星刃黑3600 银爵32G(16Gx2) 3200 【C16】,1879.0,https://item.jd.com/10194513666062.html,台式-DDR4,台式,8
2026-01-25,卡森睿（KASENRUI）苹果APPLE Macbook Pro iMac一体机DDR34 1600 4G 8G 16G笔记本内存条 苹果原厂黑条 4GB 1条 1333MHz,79.0,https://item.jd.com/10122524955227.html,笔记本-其他,笔记本,4
2026-01-25,雷克沙（Lexar）DDR5 6000 64GB(32GB×2)套条 电竞RGB灯条内存条 CL40 AI部署必备 Thor雷神之刃二代 黑色,4699.0,https://item.jd.com/100281328440.html,台式-DDR5,台式,64
2026-01-25,美商海盗船（USCORSAIR）16GB(8G×2)套装 DDR4 3600 台式机内存条 复仇者RGB PRO灯条 白色 电竞玩家款,1079.0,https://item.jd.com/8195730.html,台式-DDR4,台式,16
2026-01-25,华硕主板适用内存条 D300威刚DDR5内存 6000频率 海力士M-die颗粒 长鑫镁光颗粒 台式机高频电竞内存 D300 6000 16G C36长鑫颗粒白,1505.0,https://item.jd.com/10207099067974.html,台式-DDR5,台式,16
2026-01-25,忆捷（EAGET）DDR3 8GB 1600 电脑台式机内存条 普条 第三代电脑内存 办公学习适用 P10,119.0,https://item.jd.com/100204284610.html,台式-其他,台式,8
2026-01-25,长城内存条DDR4 32G (16GBx2)套装16G内存中国芯DDR4内存条全新正品 32G 4000(16GBx2)套 全兼容,1888.0,https://item.jd.com/10191818048229.html,台式-DDR4,台式,32
2026-01-25,K-RICARDDDR4台式机全兼容运行内存条2133/2400/2666/3200MHz电脑配件内存条4/8/16/32GB×2普条主机通用代 3200MHz 16GB 1条,789.0,https://item.jd.com/10204891798922.html,台式-DDR4,台式,32
2026-01-25,铭瑄(MAXSUN) 32GB(16GBX2)套装 DDR5 6000 台式机内存条套条  Deepseek硬件XMP&EXPO 助力AI电脑配件,2759.0,https://item.jd.com/100085748626.html,台式-DDR5,台式,32
2026-01-25,SK 海力士官方旗舰店 DDR5 4800 5600 6400 笔记本内存条  官方直营  海力士 32GB DDR5 5600MHZ*2条【同批次套装】,5998.0,https://item.jd.com/10200513143471.html,笔记本-DDR5,笔记本,32
2026-01-25,阿斯加特（Asgard）16GB DDR5 5600 台式机内存条 海拉 马甲条 精选颗粒 CL46 极夜黑,1399.0,https://item.jd.com/100232343489.html,台式-DDR5,台式,16
2026-01-25,XIAOLI.AI MEMORY小理记忆DDR4 8GB 16GB 2666 3200MHz兼容2133 2400适用Intel及AMD 全新原装笔记本电脑四代内存条 3200MHz 8GB三X颗粒 ,300.0,https://item.jd.com/10109989483880.html,笔记本-DDR4,笔记本,8
2026-01-25,金百达（KINGBANK）银爵DDR4 台式内存条  长鑫颗粒  办公 游戏 电竞银爵3200 16G-8GX2 16GX2套装3600 银爵【16G单】3600 海力士C18,969.0,https://item.jd.com/10103631539474.html,台式-DDR4,台式,16
2026-01-25,铨兴（QUANXING）DDR4 3200MHz 台式机内存条8G 32G 16G超频 高速稳定兼容 游戏办公电脑内存 XMP超频马甲条H3200 台式机8G DDR4 3200MHz,525.0,https://item.jd.com/10203316808036.html,台式-DDR4,台式,8
2026-01-25,金百达银爵16GDDR4内存条黑爵8G/16G/32G DDR4内存条电脑台式机全兼容 16G3200银爵/全平台,919.0,https://item.jd.com/10122806891412.html,台式-DDR4,台式,16
2026-01-25,适用 华硕飞行堡垒5 6 7 8 9 顽石 天选 笔记本内存条ddr4 4g 8g 16g 32g ddr4 4G  A456U/A556U/F441/FX86,349.0,https://item.jd.com/59991209319.html,笔记本-DDR4,笔记本,4
2026-01-25,金百达（KINGBANK）3200  2666  8G/16G/32G笔记本内存条电脑通用游戏办公提速 ddr4 2666 32gb(16gb*2)双条本,1725.0,https://item.jd.com/10176562636931.html,笔记本-DDR4,笔记本,8
2026-01-25,SK 海力士官方旗舰店 DDR5  4800 5600MHZ 台式机电脑内存条 原厂正品 海力士32G DDR5 5600MHZ *【2条装】,6998.0,https://item.jd.com/10204149248852.html,台式-DDR5,台式,32
2026-01-25,金士顿/华硕/品牌拆机内存条 2/4/8GB 3代/4代内存 1600 2400 台式机内存 骇客神条 16G 2400,652.0,https://item.jd.com/10101719064754.html,台式-其他,台式,8
2026-01-25,三星海力士镁光英睿达联想华硕威刚金百达金士顿DDR5 4800/5600二手拆机笔记本内存条8G/12G/16G/24G/32G 95新 DDR5 5600 24G单条,1298.0,https://item.jd.com/10191403785075.html,笔记本-DDR5,笔记本,8
2026-01-25,全即（QUANJI）DDR5内存条台式机兼容电脑升级适用联想华硕戴尔惠普D5 4800 32GB台式机内存条 DDR5 4800 16GB,1059.0,https://item.jd.com/10194761754740.html,台式-DDR5,台式,32
2026-01-25,K-RICARDDDR4台式机全兼容运行内存条2133/2400/2666/3200MHz电脑配件内存条4/8/16/32GB×2普条主机通用代 2400MHz 4GB 1条,209.0,https://item.jd.com/10204891798913.html,台式-DDR4,台式,32
2026-01-25,七彩虹32GB(16G×2)DDR4 3200 台式机内存条 马甲条 战斧系列·冰雪白 C18,1749.0,https://item.jd.com/100046944140.html,台式-DDR4,台式,32
2026-01-25,适配微星MSI GE65  将星七彩虹神枪手 武士 强袭 泰坦 绝影DDR4 笔记本内存条HLHC 16G GE72 6Q GF65 GF75 GF63,809.0,https://item.jd.com/10059579419010.html,笔记本-DDR4,笔记本,16
2026-01-25,疆珑i9冰龙ddr4内存条16gx2海力士颗粒3600/4400台式电脑内存条 3200 16G C18玄夜黑 intel专用,1129.0,https://item.jd.com/10204712377805.html,台式-DDR4,台式,16
2026-01-25,联想（lenovo） 笔记本内存条DDR3 Y460 Y470 G470 Z460 Z470 2G-DDR3-8500S S10-3T/G400/G490/G410s,79.0,https://item.jd.com/11496243178.html,笔记本-其他,笔记本,470
2026-01-25,七彩虹DDR5 16G/32G 6000/6800 内存条马甲灯条台式机内存DIY配件 双子座 16GX1 6000 C36,1499.0,https://item.jd.com/10195508411153.html,台式-DDR5,台式,16
2026-01-25,光威（Gloway）16GB(8GBx2) DDR5 6000 台式机内存条 天策 马甲条 海力士M-die CL36 皓月白,1699.0,https://item.jd.com/100223316721.html,台式-DDR5,台式,16
2026-01-25,七彩虹(Colorful) 8G DDR4 3200 笔记本内存条,459.0,https://item.jd.com/100043725318.html,笔记本-DDR4,笔记本,8
2026-01-25,联想（Lenovo） 原装笔记本内存条 DDR4四代电脑内存扩展卡 16G DDR4-2400MHZ 拯救者15/拯救者R720,819.0,https://item.jd.com/18437363169.html,笔记本-DDR4,笔记本,16
2026-01-25,联想（Lenovo）笔记本内存条 原装DDR5 4800MHz 笔记本DDR5 4800 16G 拯救者R7000 2023款,1399.0,https://item.jd.com/10087167456797.html,笔记本-DDR5,笔记本,16
2026-01-25,光威（Gloway）32GB(16GBx2) DDR5 6000 台式机内存条 龙武 RGB灯条 海力士A-die CL28 星空黑【部分兼容】,3899.0,https://item.jd.com/100222160298.html,台式-DDR5,台式,32
2026-01-25,海力士笔记本内存条4G8G16G32G DDR4 DDR3/3L内存适用联想戴尔华硕宏碁惠普 DDR4 2400 16G,659.0,https://item.jd.com/10026232552130.html,笔记本-DDR4,笔记本,4
2026-01-25,SK海力士官方旗舰店 DDR3 DDR3L 1600笔记本内存条  原厂正品 海力士4G DDR3 1600*1条,99.0,https://item.jd.com/10204146098504.html,笔记本-其他,笔记本,4
2026-01-25,金士顿/华硕/品牌拆机内存条 2/4/8GB 3代/4代内存 1600 2400 台式机内存 骇客神条 8G 2666,358.0,https://item.jd.com/10101719064752.html,台式-其他,台式,8
2026-01-25,宏碁掠夺者宏碁内存条32G 64G套装DDR5 6000/7200/8000频率台式电脑内存条马甲条电竞游戏 32G(16G*2)6000 C28冰刃白 634,3999.0,https://item.jd.com/10151180000326.html,台式-DDR5,台式,32
2026-01-25,UnilC国芯紫光 DDR4 笔记本 台式机 内存条 稳定兼容 SCC16GU03H4F1C-32AA,1199.0,https://item.jd.com/10191161068226.html,笔记本-DDR4,笔记本,16
2026-01-25,金士顿（Kingston） Beast野兽系列 4代 台式机内存条DDR4 Fury骇客神条灯条电脑运行内存条 支持XMP DDR4 3200MHz 马甲条 32GB 2条 *64G（32G*2）,4799.0,https://item.jd.com/10181702561285.html,台式-DDR4,台式,32
2026-01-25,毕伟内存条ddr5 8G 16G 32G 4800 5200 5600笔记本电脑单条运行全新正品 5600MHz 8GB 1条,760.0,https://item.jd.com/10109902007793.html,笔记本-DDR5,笔记本,8
2026-01-25,三星（SAMSUNG）三星DDR5笔记本内存条6400/5600/4800 32G/16G/8G兼容联想 惠普华硕天选 电脑运行升级 畅快游戏 5600MHz  DDR5 8GB 1条,769.0,https://item.jd.com/10208011095157.html,笔记本-DDR5,笔记本,32
2026-01-25,适配微星MSI GE65  将星七彩虹神枪手 武士 强袭 泰坦 绝影DDR4 笔记本内存条HLHC 16G Creator 17M Creator 15M,809.0,https://item.jd.com/10059579419004.html,笔记本-DDR4,笔记本,16
2026-01-25,卡森睿（KASENRUI）苹果APPLE Macbook Pro iMac一体机DDR34 1600 4G 8G 16G笔记本内存条 苹果原厂黑条 4GB 1条 1333MHz,79.0,https://item.jd.com/10122524955227.html,笔记本-其他,笔记本,4
2026-01-25,金士顿（Kingston）内存条 DDR4 3200 Beast野兽系列台式机电脑内存条兼容2666兼容2400 3200频 16G 电竞马甲条,1189.0,https://item.jd.com/71262604818.html,台式-DDR4,台式,16
2026-01-25,联想（Lenovo）笔记本内存条 原装DDR5 4800MHz 笔记本DDR5 4800 8G 拯救者Y7000P 2022款,1379.0,https://item.jd.com/10061560853096.html,笔记本-DDR5,笔记本,8
2026-01-25,长城内存条DDR4 32G (16GBx2)套装16G内存中国芯DDR4内存条全新正品 16G 4000单根 全兼容,899.0,https://item.jd.com/10192558404233.html,台式-DDR4,台式,32
2026-01-25,SK 海力士官方旗舰店 DDR5 4800 5600 6400 笔记本内存条  官方直营  海力士 8GB DDR5 4800MHZ(单条）,759.0,https://item.jd.com/10200353702034.html,笔记本-DDR5,笔记本,8
2026-01-25,七彩虹(Colorful)16GB DDR4 3200 台式机内存条 战斧系列·钛金灰 C18,879.0,https://item.jd.com/100055718969.html,台式-DDR4,台式,16
2026-01-25,枭鲸 DDR5 16G/24G/32G 笔记本内存条 32GB DDR5 5600,2819.0,https://item.jd.com/10138943105650.html,笔记本-DDR5,笔记本,16
2026-01-25,UnilC国芯紫光 DDR4 笔记本 台式机 内存条 稳定兼容 台式机 DDR4 8G 2666,519.0,https://item.jd.com/10170782938105.html,笔记本-DDR4,笔记本,8
2026-01-25,汉存(HC)玄姬 32GB(16Gx2)套装 DDR4 3600 台式机电脑内存条海力士CJR电竞游戏马甲套条适配黑神话悟空 32G(16x2) 3600 C16海力士CJR白,1799.0,https://item.jd.com/10124898305073.html,台式-DDR4,台式,32
2026-01-25,光威（Gloway）32GB(16GBx2) DDR5 6400 台式机内存条 神武 RGB灯条 海力士A-die CL30 太空灰,3899.0,https://item.jd.com/100129425265.html,台式-DDR5,台式,32
2026-01-25,阿斯加特（Asgard）16GB(8GBx2) DDR5 6000 台式机内存条 海拉 马甲条 海力士A-die CL28 极夜黑,1799.0,https://item.jd.com/100219543021.html,台式-DDR5,台式,16
2026-01-25,骇客神台式机内存条 DDR4 2666  3200  3600 8GB 16GB 32GB 2666MHz 8GB台式机内存普条,399.0,https://item.jd.com/10113060095243.html,台式-DDR4,台式,8
2026-01-25,SK海力士官方旗舰店 DDR3 DDR3L 1600笔记本内存条  原厂正品 海力士8G DDR3 1600*1条,199.0,https://item.jd.com/10204146098500.html,笔记本-其他,笔记本,8
2026-01-25,金士顿（Kingston）FURY 32GB(16G×2)套装 DDR5 6000 台式机内存条 Beast RGB灯条  海力士颗粒 CL30 XMP&EXPO 白色,3599.0,https://item.jd.com/100092806811.html,台式-DDR5,台式,32
2026-01-25,XIAOLI.AI MEMORY小理记忆DDR4 8GB 16GB 2666 3200MHz兼容2133 2400适用Intel及AMD 全新原装笔记本电脑四代内存条 3200MHz 16GB三X颗粒,600.0,https://item.jd.com/10109989483884.html,笔记本-DDR4,笔记本,8
2026-01-25,骇科适用宏碁 掠夺者·擎Neo 战斧300 战斧16 暗影骑士系列 擎6 擎7Pro 龙16  五代笔记本电脑内存条 DDR5 5600MT/秒 16GB 1条,1355.0,https://item.jd.com/10121952783244.html,笔记本-DDR5,笔记本,16
2026-01-25,十铨科技XTREEM 幻镜DDR5内存条海力士台式机马甲ARGB灯条6000 C28 6400 32G 48G 64G 7200 8000 10层PCB板 6400 96G(2x48)C32特挑新Mdie黑,8999.0,https://item.jd.com/10169018928304.html,台式-DDR5,台式,32
2026-01-25,光威（Gloway）32GB(16GBx2) DDR5 7200 台式机内存条 神武 RGB灯条 海力士A-die CL34 太空灰,3999.0,https://item.jd.com/100068836600.html,台式-DDR5,台式,32
2026-01-25,金士顿（Kingston）内存条 DDR4 3200 Beast野兽系列台式机电脑内存条兼容2666兼容2400 3200频 32G(16G×2)电竞套条,2379.0,https://item.jd.com/71262604820.html,台式-DDR4,台式,32
2026-01-25,华硕吹雪联名内存 32GB(16GX2)套装 DDR5 6400 台式机内存条 海力士A-die颗粒 吹雪6000 16G*2 CL28,3849.0,https://item.jd.com/10163197476414.html,台式-DDR5,台式,32
2026-01-25,SK 海力士官方旗舰店 DDR5  4800 5600MHZ 台式机电脑内存条 原厂正品 海力士32G DDR5 4800MZH *【2条装】,6598.0,https://item.jd.com/10204149248846.html,台式-DDR5,台式,32
2026-01-25,华硕（ASUS） 威刚8GB DDR4 3600 台式机内存 XPG-威龙Z1 台式电脑内存白色内存 8G*2 3600白色,1009.0,https://item.jd.com/10056338467959.html,台式-DDR4,台式,8
2026-01-25,适配机械革命Z2 Z3深海泰坦X8 X9 旷世 蛟龙 极光2400 2666笔记本电脑内存条 16G 蛟龙/蛟龙5/蛟龙7X,769.0,https://item.jd.com/10071780753235.html,笔记本-其他,笔记本,16
2026-01-25,疆珑i9灵龙ddr5内存16g/32g/64g台式机电脑海力士A-die/M颗粒C28助力AI 6000/6400/6800内存条 [6000] C28 16G 海力士A-die 皎月白,1749.0,https://item.jd.com/10186732228110.html,台式-DDR5,台式,16
2026-01-25,SK海力士官方旗舰店 DDR3 DDR3L 1600笔记本内存条  原厂正品 海力士8G DDR3 1600*1条,199.0,https://item.jd.com/10204146098500.html,笔记本-其他,笔记本,8
2026-01-25,【二手9成新】 金士顿(Kingston)4G1600  8G1600 品牌机三代四代内存台式机内存 四代 台电4G DDR4  2400,96.0,https://item.jd.com/61568508215.html,台式-DDR4,台式,4
2026-01-25,BLKE 台式机内存条DDR3 DDR3L PC3 1600兼容1333频双通道提升运行速度两条套条,156.0,https://item.jd.com/10070749604804.html,台式-其他,台式,0
2026-01-25,骇客神笔记本内存条 DDR4 2666  3200  8GB 16GB 3200MHz 16GB笔记本内存 单条,669.0,https://item.jd.com/10110478783749.html,笔记本-DDR4,笔记本,8
2026-01-25,联想（Lenovo） 原装笔记本内存条 DDR4四代电脑内存扩展卡 8G DDR4--2400MHZ 拯救者15/拯救者R720,419.0,https://item.jd.com/18437363168.html,笔记本-DDR4,笔记本,8
2026-01-25,华硕吹雪联名内存 32GB(16GX2)套装 DDR5 6400 台式机内存条 海力士A-die颗粒 吹雪6000 16G*2,3849.0,https://item.jd.com/10136169816679.html,台式-DDR5,台式,32
2026-01-25,金百达（KINGBANK）DDR4银爵3200 8gx2国产颗粒32G套装星刃3600 16G*2白刃灯条 金百达正品授权店-顺丰包邮 8GB【单条】 银爵2666 电竞马甲C19,478.5,https://item.jd.com/10207915217173.html,台式-DDR4,台式,8
2026-01-25,华硕（ASUS） 威刚8GB DDR4 3600 台式机内存 XPG-威龙Z1 台式电脑内存白色内存 8G 3600白色,505.0,https://item.jd.com/10056338467958.html,台式-DDR4,台式,8
2026-01-25,SK 海力士官方旗舰店 DDR5 4800 5600 6400 笔记本内存条  官方直营  海力士 8GB DDR5 5600MHZ(单条）,799.0,https://item.jd.com/10200513143467.html,笔记本-DDR5,笔记本,8
2026-01-25,汉存(HC)玄姬 32GB(16Gx2)套装 DDR4 3600 台式机电脑内存条海力士CJR电竞游戏马甲套条适配黑神话悟空 32G(16x2) 3600 C16海力士CJR白,1799.0,https://item.jd.com/10124898305073.html,台式-DDR4,台式,32
2026-01-25,七彩虹（Colorful） 16GB DDR4 3200 台式机内存 普条系列 C22,879.0,https://item.jd.com/100149226942.html,台式-DDR4,台式,16
2026-01-25,光威（Gloway）32GB(16GBx2) DDR5 6000 台式机内存条 神武 RGB灯条 海力士M-die CL30 太空灰,3599.0,https://item.jd.com/100077568670.html,台式-DDR5,台式,32
2026-01-25,SK HYNIX 海力士ddr4 笔记本电脑内存条  原厂颗粒 16GB DDR4 3200MHz,959.0,https://item.jd.com/10133729574784.html,笔记本-DDR4,笔记本,16
2026-01-25,JUHOR玖合 32GB(16GBx2)套装 DDR5 7200 台式机内存条 玲珑RGB灯条 海力士A-die颗粒 CL36 助力AI,4179.0,https://item.jd.com/100092664063.html,台式-DDR5,台式,32
2026-01-25,金百达（KINGBANK）银爵3600 8gx2内存条金百达银爵ddr4 3200内存条2666海力士内存条16g马甲条32g星刃黑3600 银爵16G(8Gx2) 3200 【C16】,1149.0,https://item.jd.com/10194513666057.html,台式-DDR4,台式,8
2026-01-25,汉存(HC)玄姬 32GB(16Gx2)套装 DDR4 3600 台式机电脑内存条海力士CJR电竞游戏马甲套条适配黑神话悟空 32G(16x2) 3600 C16海力士CJR黑,1799.0,https://item.jd.com/10124898305074.html,台式-DDR4,台式,32
2026-01-25,七彩虹台式机内存条DDDR4 3200/3600专用马甲条 七彩虹 战斧 8G 3200 DDR4 海力士 C16,479.0,https://item.jd.com/10204387700154.html,台式-DDR4,台式,8
2026-01-25,适配机械革命Z2 Z3深海泰坦X8 X9 旷世 蛟龙 极光2400 2666笔记本电脑内存条 8G 深海幽灵Z2 Air-S/Z3 Air/Z3Pro,459.0,https://item.jd.com/10071780753215.html,笔记本-其他,笔记本,8
2026-01-25,UnilC国芯紫光 DDR4 笔记本 台式机 内存条 稳定兼容 笔记本 DDR4 16G 3200,989.0,https://item.jd.com/10170782938103.html,笔记本-DDR4,笔记本,16
2026-01-25,美商海盗船（USCORSAIR）8G  16G DDR4 3600 3200 3000 2666 2400 频率台式机电脑内存条 海盗船复仇者 马甲 DDR4 3000 16GB 2条套条 （8G*2,919.0,https://item.jd.com/10073962182612.html,台式-DDR4,台式,8
2026-01-25,毁灭者DESEROYER电竞内存条 不锁电压 低时序游戏体验探索超频 DDR4 RGB灯条 不带灯条可选 星域征途16GX2套条 3600 C18 带灯 海力士原厂,1789.0,https://item.jd.com/10115805856509.html,台式-DDR4,台式,16
2026-01-25,阿斯加特（Asgard）8GB DDR4 3600 台式机内存条 金伦加&TUF联名款 马甲条 精选颗粒 CL18 黑橙甲,569.0,https://item.jd.com/100232343493.html,台式-DDR4,台式,8
2026-01-25,博林克 DDR4台式机内存条四代台式主机升级组装电脑游戏内存条,248.0,https://item.jd.com/10058591588232.html,台式-DDR4,台式,0
2026-01-25,骑尘 DDR4 8G 3200 电脑台式机内存条 无双系列马甲条ddr4 3600 4000 兼容 无双DDR4 16G 3600,738.0,https://item.jd.com/10095019363412.html,台式-DDR4,台式,8
2026-01-25,三星（SAMSUNG） 台式机内存条DDR4/DDR3/DDR5内存条适用联想戴尔惠普华硕台式机内存 32G DDR4 3200台式机内存,2189.0,https://item.jd.com/10036284807826.html,台式-DDR5,台式,32
2026-01-25,七彩虹（Colorful）DDR3L 4G 1600 笔记本内存条,65.0,https://item.jd.com/100152214409.html,笔记本-其他,笔记本,4
2026-01-25,嘉硕通/三星笔记本DDR5全新五代4800 5600mhz 8G 16G 32G内存条 5600mhz 8G单根,799.0,https://item.jd.com/10097810059313.html,笔记本-DDR5,笔记本,8
2026-01-25,YSSOMAR 香港黑龙 DDR4  白极光 台式机内存条 2666MHz（白橘） 时序c16 16GB 1套 8GBx2 连号,665.0,https://item.jd.com/10208506441498.html,台式-DDR4,台式,16
2026-01-25,华硕FL5900 FL8000 FX63VD威刚笔记本DDR4 2400 2666内存条 DDR4 8G 2400 飞行堡垒5/飞行堡垒6/飞行堡垒7,329.0,https://item.jd.com/47136877865.html,笔记本-DDR4,笔记本,8
2026-01-25,佰维（BIWIN）16G DDR5 5600 台式机内存条 UDIMM （新老包装随机发货）,1781.0,https://item.jd.com/100115628874.html,台式-DDR5,台式,16
2026-01-25,适配华硕完美国度天选Air 1代 2代飞行堡垒8 9代ROG魔霸4 5笔记本内存条HLHC DDR4 3200 16G ROG魔霸5R Plus/G713,659.0,https://item.jd.com/10057787576733.html,笔记本-DDR4,笔记本,16
2026-01-25,疆珑i9灵龙ddr5内存16g/32g/64g台式机电脑海力士A-die/M颗粒C28助力AI 6000/6400/6800内存条 [6000] C30 16G 海力士A-die 皎月白,1739.0,https://item.jd.com/10186732228106.html,台式-DDR5,台式,16
2026-01-25,HLHX华硕天选1 2 3 4 5 6PRO酷睿锐龙兼容飞行堡垒4 5 6 7 8 9通用4G/8G/16G/32G笔记本内存条 【4GB】DDR4 2133mhz单条,209.0,https://item.jd.com/10124435139549.html,笔记本-DDR4,笔记本,4
2026-01-25,科赋（KLEVV）海力士PC 8G 16G 2666 3200 DDR4 原厂CJR超频颗粒全新正品 8G/3200 C22 CJR单条,419.0,https://item.jd.com/10194852008919.html,台式-DDR4,台式,8
2026-01-25,宏碁掠夺者宏碁内存条32G 64G套装DDR5 6000/7200/8000频率台式电脑内存条马甲条电竞游戏 32G(16G*2)6000 C32炫光黑 378,3499.0,https://item.jd.com/10080976030808.html,台式-DDR5,台式,32
2026-01-25,金百达（KINGBANK）8G 16G 32G DDR4银爵3200频率 游戏内存 电竞内存 银爵 16G(8G*2) 3600 海力士C18,1139.0,https://item.jd.com/10088164445545.html,台式-DDR4,台式,8
2026-01-25,爵势（JUESHI）(JUESHI)8G 16G DDR4 2666 3200 3600台式机电脑内存条兼容2400 爵势 DDR4 3200 8GB 1条 单条,349.0,https://item.jd.com/10099170882027.html,台式-DDR4,台式,8
2026-01-25,金百达（KINGBANK）银爵DDR4 台式内存条  长鑫颗粒  办公 游戏 电竞银爵3200 16G-8GX2 16GX2套装3600 银爵【8G单】3200 海力士C16,589.0,https://item.jd.com/10103631539455.html,台式-DDR4,台式,16
2026-01-25,Z三星笔记本全新内存条DDR5 4800 5600MHz 16G 32G电脑运行内存8G 三星笔记本内存条DDR5-8G 5600,700.0,https://item.jd.com/10154561874971.html,笔记本-DDR5,笔记本,16
2026-01-25,疆珑i9灵龙ddr5内存16g/32g/64g台式机电脑海力士A-die/M颗粒C28助力AI 6000/6400/6800内存条 [6000] C28 16G 海力士A-die 玄夜黑,1749.0,https://item.jd.com/10186732228109.html,台式-DDR5,台式,16
2026-01-25,9新  8G DDR4 2400  台式机 内存条灯条 影,358.0,https://item.jd.com/10205437213358.html,台式-DDR4,台式,8
2026-01-25,朗科（Netac）16GB(8G×2)套装 DDR4 3200 台式机内存条 越影II系列 电竞马甲-精选颗粒(C16)白色,939.0,https://item.jd.com/100038751911.html,台式-DDR4,台式,16
2026-01-25,XIAOLI.AI MEMORY小理记忆DDR4 8GB 16GB 2666 3200MHz兼容2133 2400适用Intel及AMD 全新原装笔记本电脑四代内存条 2666MHz 8G*2条共16,594.0,https://item.jd.com/10109989483879.html,笔记本-DDR4,笔记本,8
2026-01-25,金士顿（Kingston）FURY 16GB DDR4 3200 C16 台式机内存条 Beast野兽系列 骇客神条,1199.0,https://item.jd.com/100005089420.html,台式-DDR4,台式,16
2026-01-25,UnilC国芯紫光 DDR4 笔记本 台式机 内存条 稳定兼容 SCC08GS03H3F1C-32AA,519.0,https://item.jd.com/10196315292099.html,笔记本-DDR4,笔记本,8
2026-01-25,联想DDR5 5600Mhz频率 原装笔记本内存条 拯救者Y7000/Y9000P 2024/2025款 适用戴尔华硕宏碁惠普神州 拯救者R9000P （2023-2025款） 16GB 1条,1199.0,https://item.jd.com/10101943768648.html,笔记本-DDR5,笔记本,16
2026-01-25,英睿达（crucial） 镁光原厂/MT 4G 8G 16G DDR4 笔记本电脑内存条 8G DDR4 2666/2667笔记本内存,439.0,https://item.jd.com/10027971692662.html,笔记本-DDR4,笔记本,4
2026-01-25,惠普（HP）16GB DDR5 5600频率 笔记本内存条 X1系列(C46)原厂颗粒 AI电脑配件 助力黑神话悟空,1899.0,https://item.jd.com/100187474726.html,笔记本-DDR5,笔记本,16
2026-01-25,HLHX玩家国度ROG枪神6 7 8 9Plus魔霸新锐 幻14 幻16 G513通用4G/8G/16G/32G笔记本内存条 【8GB】DDR4 2666mhz单条,409.0,https://item.jd.com/10137035121116.html,笔记本-DDR4,笔记本,16
2026-01-25,金士顿（Kingston）骇客神条/HyperX DDR3L DDR3 PC3 PC3L 1600 1866 第三代台式机电脑内存条适配华硕联想华南金牌等 台式机内存骇客神条 DDR3 1600 1.,259.0,https://item.jd.com/10022317720416.html,台式-其他,台式,0
2026-01-25,宏碁掠夺者（PREDATOR） DDR5 台式机内存条 Vesta II炫光系列 32G内存条 6000频率/6600频率 台式机电脑配件 6600频率 C34 炫光银Adie 359 32GB 2条,2799.0,https://item.jd.com/10206496993664.html,台式-DDR5,台式,32
2026-01-25,宏碁掠夺者宏碁内存条32G 64G套装DDR5 6000/7200/8000频率台式电脑内存条马甲条电竞游戏 32G(16G*2)6000 C32凌霜银 374,3299.0,https://item.jd.com/10080976030806.html,台式-DDR5,台式,32
2026-01-25,适配微星MSI GE65  将星七彩虹神枪手 武士 强袭 泰坦 绝影DDR4 笔记本内存条HLHC 16G GT76 GT75 Titan GT75VR,809.0,https://item.jd.com/10059579431722.html,笔记本-DDR4,笔记本,16
2026-01-25,SK HYNIX海力士 DDR5代 台式机电脑内存条 原厂 Mdie Adie颗粒 AI电脑配件 16GB DDR5 5600MHz Adie颗粒,1799.0,https://item.jd.com/10093387534208.html,台式-DDR5,台式,16
2026-01-25,铭瑄(MAXSUN) 16GB(8GBX2)套装 DDR4 3200 台式机内存条 W4白猎鹰系列马甲条,929.0,https://item.jd.com/100080948093.html,台式-DDR4,台式,16
2026-01-25,美商海盗船复仇者LPX DDR4二手内存 台式机电脑游戏内存条8G 16G DDR4 3000九成新 海盗船复仇者8G DDR4 3600,359.0,https://item.jd.com/10045665819934.html,台式-DDR4,台式,8
2026-01-25,朗科（Netac）8GB DDR4 3200 台式机内存条 越影II系列 电竞马甲-精选颗粒(C16)白色,459.0,https://item.jd.com/100038751915.html,台式-DDR4,台式,8
2026-01-25,汉存(HC)玄姬 32GB(16Gx2)套装 DDR4 3600 台式机电脑内存条海力士CJR电竞游戏马甲套条适配黑神话悟空 32G(16x2) 3200 C16 三星颗粒白,1699.0,https://item.jd.com/10195766444402.html,台式-DDR4,台式,32
2026-01-25,铭瑄(MAXSUN) 32GB(16GBX2)套装 DDR5 5600 台式机内存条 W5机甲暴风系列马甲条,2699.0,https://item.jd.com/100085748580.html,台式-DDR5,台式,32
2026-01-25,金百达（KINGBANK）银爵DDR4 台式内存条  长鑫颗粒  办公 游戏 电竞银爵3200 16G-8GX2 16GX2套装3600 银爵16G【8G×2】3200 长鑫C14,1169.0,https://item.jd.com/10103353845382.html,台式-DDR4,台式,16
2026-01-25,金泰克（Tigo）16G 32G 48G DDR5速虎系列6000频率 游戏内存 电竞内存 台式机内存条 朱砂痣 32G【16G*2】6000【三星/C38】,3499.0,https://item.jd.com/10208072458376.html,台式-DDR5,台式,16
2026-01-25,K-RICARDDDR4笔记本全兼容运行内存条2133/2400/2666/3200MHz电脑配件4/8/16/32GB×2普条mini台式主机通用 2400MHz 8GB 1条,425.0,https://item.jd.com/10205968857855.html,笔记本-DDR4,笔记本,32
2026-01-25,SK HYNIX海力士笔记本内存条一体机电脑适用华硕宏碁小米联想戴尔微星惠普神州苹果等 8G DDR5 4800MHz笔记本,769.0,https://item.jd.com/10197100935301.html,笔记本-DDR5,笔记本,8
2026-01-25,SK 海力士官方旗舰店  原厂正品 DDR4 8G 16G 32G 台式机内存条  海力士 【 16GB  DDR4 3200MHZ 】,1059.0,https://item.jd.com/10204144874870.html,台式-DDR4,台式,8
2026-01-25,阿斯加特华硕吹雪联名D4 32G 16G 3600 白色RGB灯条内存套装 加收藏 1GB 1条 8G*2 3600C18,953.35,https://item.jd.com/10200347784247.html,台式-其他,台式,32
2026-01-25,金士顿DDR2 800 2G台式机内存条KVR800D2N6/2G 667全兼容二代 浅绿色 800MHz,29.2,https://item.jd.com/10110750508974.html,台式-其他,台式,2
2026-01-25,阿斯加特（Asgard）8GB DDR4 3200 台式机内存条 金伦加&TUF联名款 马甲条 精选颗粒 CL18 黑橙甲,549.0,https://item.jd.com/100310050888.html,台式-DDR4,台式,8
2026-01-25,适配微星MSI GE65  将星七彩虹神枪手 武士 强袭 泰坦 绝影DDR4 笔记本内存条HLHC 8G Creator 17M Creator 15M,519.0,https://item.jd.com/10059579418982.html,笔记本-DDR4,笔记本,8
2026-01-25,山头林村内存条ddr5内存条16g 32g内存条DDR4内存电竞套条16GX23600C16时序台式机电脑海力士CJR颗粒 16G(8G*2) 双通道套条 C19 2666,879.85,https://item.jd.com/10209127144733.html,台式-DDR5,台式,16
2026-01-25,G.SKILL芝奇（G.SKILL）32GB(16Gx2)套装 DDR5 6000频率 台式机内存条-皇家戟EXPO版RGB灯条-银色/C28,4499.0,https://item.jd.com/100138827392.html,台式-DDR5,台式,32
2026-01-25,YSSOMAR 香港黑龙 DDR4  白极光 台式机内存条 3200MHz（白橘） 时序cl16 16GB 1条,769.0,https://item.jd.com/10184899493856.html,台式-DDR4,台式,16
2026-01-25,HLHX华硕天选1 2 3 4 5 6PRO酷睿锐龙兼容飞行堡垒4 5 6 7 8 9通用4G/8G/16G/32G笔记本内存条 【16GB】DDR4 2133mhz单条,789.0,https://item.jd.com/10124435139559.html,笔记本-DDR4,笔记本,4
2026-01-25,K-RICARDDDR4台式机全兼容运行内存条2133/2400/2666/3200MHz电脑配件内存条4/8/16/32GB×2普条主机通用代 3200MHz 4GB 1条,209.0,https://item.jd.com/10204891798920.html,台式-DDR4,台式,32
2026-01-25,Z三星笔记本全新内存条DDR5 4800 5600MHz 16G 32G电脑运行内存8G 三星笔记本内存条DDR5-8G 5600,700.0,https://item.jd.com/10154561874971.html,笔记本-DDR5,笔记本,16
2026-01-25,金士顿（Kingston）8G DDR3 1600台式机内存条 3代电脑内存 兼容1333 DDR3 1333 4G普条 8G DDR3 1600,189.0,https://item.jd.com/10143292301544.html,台式-其他,台式,8
2026-01-25,金百达（KINGBANK）银爵3600 8gx2内存条金百达银爵ddr4 3200内存条2666海力士内存条16g马甲条32g星刃黑3600 银爵8G 3200【单C16】,609.0,https://item.jd.com/10194513666056.html,台式-DDR4,台式,8
2026-01-25,9新  8G DDR4 2400  台式机 内存条灯条 影,358.0,https://item.jd.com/10205437213358.html,台式-DDR4,台式,8
2026-01-25,金泰克（Tigo）16G 32G 48G DDR5速虎系列6000频率 游戏内存 电竞内存 台式机内存条 白月光 32G【16G*2】6000【海力士C28】,3999.0,https://item.jd.com/10208072458381.html,台式-DDR5,台式,16
2026-01-25,光威（Gloway）32GB(16GBX2) DDR5 7200 台式机内存条 神策 RGB灯条 海力士A-die CL34 皓月白,3999.0,https://item.jd.com/100065591037.html,台式-DDR5,台式,32
2026-01-25,佰维（BIWIN）16G DDR5 5600 台式机内存条 UDIMM （新老包装随机发货）,1781.0,https://item.jd.com/100115628874.html,台式-DDR5,台式,16
